"species","start_year","end_year","trend_type","region","trend","lci","uci","percent_change","p_ch_lci","p_ch_uci","mean_abundance","mean_observed","mean_n_surveys","region_type"
"American Avocet",2004,2019,"15-year","East Inland",-3.40318665158236,-11.5301033679182,3.74390840973755,-38.1538137808785,-84.0803763085833,73.5558361383434,0.0593844510903842,NA,NA,"Region"
"American Avocet",2004,2019,"15-year","Midcontinental",-3.57908120580608,-11.5402346480412,3.36451591982778,-40.2883819591318,-84.1076959904927,64.2752486350872,807.333371390777,NA,NA,"Region"
"American Avocet",2004,2019,"15-year","Northeast US Coastal",-3.2738625854689,-11.4791372461667,4.10391484034932,-37.0816531952939,-83.9422543699228,82.8126958591609,2.15006359740758,NA,NA,"Region"
"American Avocet",2004,2019,"15-year","Pacific and Intermountain",-3.33113093810289,-11.5015683258538,4.03071153504261,-37.1581257689657,-84.0031812980861,80.8937383568799,107.516916818694,NA,NA,"Region"
"American Avocet",2004,2019,"15-year","Southeast Coastal",-3.33398665849079,-11.9527925296958,4.31441309367416,-37.8810618201262,-85.1839036015008,88.4376219314152,36.6977937954262,NA,NA,"Region"
"American Avocet",2004,2019,"15-year","Texas Coastal",-3.8880991419896,-12.1408763198373,3.69714003553123,-42.9192536943993,-85.6516140907438,72.3858857964548,28.097450658027,NA,NA,"Region"
"American Avocet",1980,2019,"Long-term","East Inland",-2.68284553127836,-7.08795205806563,1.48209221614786,-65.1037650560898,-94.3139682223372,77.4954355269005,0.0752601151681899,NA,NA,"Region"
"American Avocet",1980,2019,"Long-term","Midcontinental",-0.969917023427252,-4.76044169021717,2.54620193089371,-28.8646236798201,-85.0762646070168,166.602433043614,879.349441790961,NA,NA,"Region"
"American Avocet",1980,2019,"Long-term","Northeast US Coastal",-5.78026480912611,-9.64114748206003,-2.2377652458908,-90.0484132436029,-98.081960308965,-58.6309743882978,3.75474272126664,NA,NA,"Region"
"American Avocet",1980,2019,"Long-term","Pacific and Intermountain",-1.22160373374536,-5.55244323701733,3.1416541896766,-38.08534469374,-89.224476391003,234.140872854688,116.210391976606,NA,NA,"Region"
"American Avocet",1980,2019,"Long-term","Southeast Coastal",-3.27093175857708,-7.82366595966934,1.24181167341562,-72.4288662030322,-95.8297907342602,61.821963323106,48.428547220434,NA,NA,"Region"
"American Avocet",1980,2019,"Long-term","Texas Coastal",0.695345495827484,-4.24816301700911,5.66301765111405,32.2486435149249,-81.6034031483366,757.032762705842,27.4380819167266,NA,NA,"Region"
"American Avocet",2005,2019,"Recent-three-generation","East Inland",-3.45084582394495,-12.0491167047236,4.26591242906406,-36.0525247757886,-83.4284508192485,79.4704177589909,0.0583448476977103,NA,NA,"Region"
"American Avocet",2005,2019,"Recent-three-generation","Midcontinental",-3.66873918410761,-12.0616748663848,3.72373515770234,-39.0117831297942,-83.4615535019868,66.8378181167936,793.414484785546,NA,NA,"Region"
"American Avocet",2005,2019,"Recent-three-generation","Northeast US Coastal",-3.26865233167816,-11.903799768931,4.62581589407073,-35.2977169615202,-83.0409778907974,88.3406257841995,2.1078676580618,NA,NA,"Region"
"American Avocet",2005,2019,"Recent-three-generation","Pacific and Intermountain",-3.40583520995192,-11.9757636062783,4.48360634342802,-36.2285419786531,-83.2339001629004,84.7887177630157,105.886656769132,NA,NA,"Region"
"American Avocet",2005,2019,"Recent-three-generation","Southeast Coastal",-3.37192256488771,-12.3271104091876,4.75630296896877,-36.2078912375999,-84.1468891518459,91.6562798544531,36.0635250230265,NA,NA,"Region"
"American Avocet",2005,2019,"Recent-three-generation","Texas Coastal",-4.01758014974875,-12.7743621665814,3.94773654969451,-41.6158057697901,-85.2423177529101,71.9533082136678,27.6313275347354,NA,NA,"Region"
"American Avocet",1991,2005,"Previous-three-generation","East Inland",0.221170247692491,-3.06877279335466,4.20809875347474,0.872169444666959,-35.3613955081804,78.0822730674802,0.0772320122449725,NA,NA,"Region"
"American Avocet",1991,2005,"Previous-three-generation","Midcontinental",1.06970838733978,-1.96722252903711,5.21600147355057,12.7196605470359,-24.2820959555273,103.772285809738,1007.19763493056,NA,NA,"Region"
"American Avocet",1991,2005,"Previous-three-generation","Northeast US Coastal",-1.12867908560215,-4.36351345769331,2.94994889363362,-17.3008496288018,-46.4535423953622,50.233193045219,3.03150760481564,NA,NA,"Region"
"American Avocet",1991,2005,"Previous-three-generation","Pacific and Intermountain",0.957246130379211,-2.40269760470635,5.14417733997146,11.8909309029249,-28.8574492172721,101.833473447297,130.5517865934,NA,NA,"Region"
"American Avocet",1991,2005,"Previous-three-generation","Southeast Coastal",-0.0936989688970836,-3.40785835257355,4.18476644542242,-2.89224770495295,-38.4560763793021,77.5248396206863,47.671633124708,NA,NA,"Region"
"American Avocet",1991,2005,"Previous-three-generation","Texas Coastal",1.97294199386578,-1.63751789421001,6.57518539845088,29.1204606395054,-20.6379731705155,143.885476224625,33.1892544196608,NA,NA,"Region"
"Black-bellied Plover",2004,2019,"15-year","Atlantic Canada",-5.06148699823617,-8.03325092069259,-2.06592229516029,-54.3136590148955,-71.5250785524506,-26.8848179388363,16.4429650358172,NA,NA,"Region"
"Black-bellied Plover",2004,2019,"15-year","East Inland",-5.42218860574639,-9.62830748377714,-1.10505707013192,-56.7262572183946,-78.0978725541573,-15.3530270692092,0.335137672195117,NA,NA,"Region"
"Black-bellied Plover",2004,2019,"15-year","Midcontinental",-1.60939172137669,-9.05771668651916,6.81633586670804,-22.2427999357603,-75.9293447121498,168.88415072131,0.70194995912325,NA,NA,"Region"
"Black-bellied Plover",2004,2019,"15-year","Northeast US Coastal",-5.78087590774857,-8.87838327706987,-2.33200728610158,-59.2936735235564,-75.2074469284804,-29.8085932764718,48.5093346441269,NA,NA,"Region"
"Black-bellied Plover",2004,2019,"15-year","Ontario",-12.1154073688507,-14.8483586282824,-9.34126546196991,-85.6018681792862,-91.0278740224667,-77.0308568238276,0.60196588467422,NA,NA,"Region"
"Black-bellied Plover",2004,2019,"15-year","Pacific and Intermountain",-0.341410654412422,-6.59903334654427,5.92664553200228,-5.76250251591432,-64.0854326925248,137.180125096512,0.662222886016824,NA,NA,"Region"
"Black-bellied Plover",2004,2019,"15-year","Southeast Coastal",3.67867898769202,-4.71575463356937,14.5576797383788,63.751476438378,-51.5474673241231,668.003384909989,21.3512664226869,NA,NA,"Region"
"Black-bellied Plover",2004,2019,"15-year","Texas Coastal",-4.69859864278371,-13.9458821938059,5.3294435900237,-52.6724299097473,-89.490632342768,117.894792380645,280.859036377126,NA,NA,"Region"
"Black-bellied Plover",1980,2019,"Long-term","Atlantic Canada",-3.75536384230736,-5.09881339723572,-2.36531356078008,-77.5665975051597,-87.0104487635108,-60.6847257690421,21.4768132973553,NA,NA,"Region"
"Black-bellied Plover",1980,2019,"Long-term","East Inland",-1.77461941453626,-3.58400572150938,0.0629832538010306,-50.4560709920453,-75.9112476375212,2.48604015658256,0.453635610991831,NA,NA,"Region"
"Black-bellied Plover",1980,2019,"Long-term","Midcontinental",-0.827262054734009,-3.97266849203903,2.45805018998897,-27.5842135631647,-79.4221517736413,157.808653344326,0.810378881813315,NA,NA,"Region"
"Black-bellied Plover",1980,2019,"Long-term","Northeast US Coastal",-4.80176714699434,-6.34690160983859,-3.33970040818177,-85.3323932863206,-92.2488872311505,-73.4125092050032,81.29302087823,NA,NA,"Region"
"Black-bellied Plover",1980,2019,"Long-term","Ontario",-1.2834577593758,-2.62447491322105,0.0743320891114964,-39.5288587291203,-64.5560030382009,2.94028178587087,0.87789502866141,NA,NA,"Region"
"Black-bellied Plover",1980,2019,"Long-term","Pacific and Intermountain",-4.99439146404888,-9.62668842460311,-0.429694133430292,-86.6399763207664,-98.0699537302679,-15.4596750063657,1.46940991983638,NA,NA,"Region"
"Black-bellied Plover",1980,2019,"Long-term","Southeast Coastal",1.3311224795807,-2.72532613664727,5.72702018969796,64.8624643723895,-65.9598368394736,777.513435715004,18.2408004966868,NA,NA,"Region"
"Black-bellied Plover",1980,2019,"Long-term","Texas Coastal",-0.695458290581339,-5.59648374459925,4.40596862193181,-25.304683355501,-89.4187033562014,437.388045064752,320.53908497383,NA,NA,"Region"
"Black-bellied Plover",1996,2019,"Recent-three-generation","Atlantic Canada",-3.35203209303985,-5.33931563355319,-1.34400491382425,-54.4920509452073,-71.6924867426585,-26.7445273520907,17.5058064491602,NA,NA,"Region"
"Black-bellied Plover",1996,2019,"Recent-three-generation","East Inland",-4.20911337111676,-6.96177183926864,-1.35798176156941,-62.8704178636695,-80.979894804012,-26.9828509671805,0.411944998391093,NA,NA,"Region"
"Black-bellied Plover",1996,2019,"Recent-three-generation","Midcontinental",-1.43931950152627,-6.61873526721508,4.33963489894412,-28.9365361205198,-79.2998121010569,165.66491062016,0.761521240842032,NA,NA,"Region"
"Black-bellied Plover",1996,2019,"Recent-three-generation","Northeast US Coastal",-4.37526271378762,-6.45526340700623,-2.1886529312178,-64.3652330795984,-78.4501028955692,-39.8891543189857,58.3285517097743,NA,NA,"Region"
"Black-bellied Plover",1996,2019,"Recent-three-generation","Ontario",-8.80597814725526,-10.5731842533928,-6.97783795414916,-88.0293633501086,-92.3482875559055,-81.0552912067814,0.863132832170564,NA,NA,"Region"
"Black-bellied Plover",1996,2019,"Recent-three-generation","Pacific and Intermountain",-1.28066012942045,-5.4453899714976,2.83955353516963,-26.4285555964989,-72.4131353440404,90.4075652571068,0.734544266710396,NA,NA,"Region"
"Black-bellied Plover",1996,2019,"Recent-three-generation","Southeast Coastal",2.61348256451271,-3.06286630542805,9.72566211436022,74.7946798877966,-51.1039215619974,745.451763974742,19.8438396429575,NA,NA,"Region"
"Black-bellied Plover",1996,2019,"Recent-three-generation","Texas Coastal",-3.46323898071408,-10.1057995137883,3.61410917673213,-56.2140079427472,-91.3736213818962,126.273994166121,315.265274214333,NA,NA,"Region"
"Black-bellied Plover",1980,1996,"Previous-three-generation","Atlantic Canada",-4.3193015483405,-7.23368369995885,-1.38856585209734,-50.8139279439441,-69.9222740734567,-20.046654634601,26.9800949511621,NA,NA,"Region"
"Black-bellied Plover",1980,1996,"Previous-three-generation","East Inland",1.85116875034625,-1.24185782346289,5.02907444254685,34.1940042032959,-18.1221203250869,119.256584917827,0.519983452141525,NA,NA,"Region"
"Black-bellied Plover",1980,1996,"Previous-three-generation","Midcontinental",0.103100341119569,-3.99463354675805,4.45743273060305,0.772457515082048,-47.9131405883826,100.922975707303,0.88431994387734,NA,NA,"Region"
"Black-bellied Plover",1980,1996,"Previous-three-generation","Northeast US Coastal",-5.39967293902535,-8.00483006697848,-2.59779637589505,-59.1982063592327,-73.6827554694272,-34.3702746831369,113.685372876753,NA,NA,"Region"
"Black-bellied Plover",1980,1996,"Previous-three-generation","Ontario",10.6425529622891,7.64609679471377,13.7747567640287,401.401320205082,225.066784352843,688.378290522338,0.930175175462432,NA,NA,"Region"
"Black-bellied Plover",1980,1996,"Previous-three-generation","Pacific and Intermountain",-9.98789566804718,-19.896266814688,0.0350090905586073,-81.5750894674471,-97.1262820274239,0.561716570802243,2.47736354952831,NA,NA,"Region"
"Black-bellied Plover",1980,1996,"Previous-three-generation","Southeast Coastal",-0.422899232649304,-6.30251701349349,5.46682755264731,-7.2161776919805,-64.7103817145031,134.344164833845,15.856227769566,NA,NA,"Region"
"Black-bellied Plover",1980,1996,"Previous-three-generation","Texas Coastal",3.5332162834906,-5.00024374316042,12.7984015472308,69.2701089157705,-55.989137132026,586.826639251089,331.770548679597,NA,NA,"Region"
"American Golden-Plover",2004,2019,"15-year","Atlantic Canada",-2.59810254030879,-8.86362193750524,3.96658196551757,-33.1814870865642,-75.1471342233671,79.2284161085528,0.578457368805705,NA,NA,"Region"
"American Golden-Plover",2004,2019,"15-year","East Inland",-7.80608660968687,-13.1186938072166,-1.58669078481273,-71.1676600727648,-87.8690407216475,-21.3302843811598,0.0627205548124942,NA,NA,"Region"
"American Golden-Plover",2004,2019,"15-year","Midcontinental",-7.75415600848232,-15.3569263640713,1.27175784131205,-71.6962551964616,-91.7989111415312,20.8718897842107,0.0683733829739424,NA,NA,"Region"
"American Golden-Plover",2004,2019,"15-year","Northeast US Coastal",-10.0917595957377,-14.6695488357079,-5.37127292671466,-79.6147783690778,-90.7410736822681,-56.3137290475115,0.0359078061702369,NA,NA,"Region"
"American Golden-Plover",2004,2019,"15-year","Ontario",-15.1543873010937,-19.9964124311384,-10.3813565465327,-91.5075289175818,-96.4791952794697,-80.6814072889125,0.0279775982025875,NA,NA,"Region"
"American Golden-Plover",1980,2019,"Long-term","Atlantic Canada",-3.07185589795339,-6.61540967728082,0.246666795807878,-70.2707828806604,-93.0699949708521,10.0848917625954,0.852737543106484,NA,NA,"Region"
"American Golden-Plover",1980,2019,"Long-term","East Inland",-3.60044058384409,-6.41848203557231,-0.667389913722041,-76.3506728435053,-92.4766128461581,-22.983806496871,0.0986902430886656,NA,NA,"Region"
"American Golden-Plover",1980,2019,"Long-term","Midcontinental",-3.45171128645389,-7.23128187012485,0.79345439997814,-75.4377487377599,-94.6462141859145,36.1008980845805,0.103848126062159,NA,NA,"Region"
"American Golden-Plover",1980,2019,"Long-term","Northeast US Coastal",-8.4437731004072,-10.6644431772193,-6.25401952198732,-96.7712312925542,-98.7698739392208,-91.9433668822735,0.0985899286558713,NA,NA,"Region"
"American Golden-Plover",1980,2019,"Long-term","Ontario",-2.93685383956842,-5.24453926109553,-0.624435393609917,-68.9066270046099,-87.7660788190533,-21.6742149942504,0.0439363932979257,NA,NA,"Region"
"American Golden-Plover",2006,2019,"Recent-three-generation","Atlantic Canada",-2.53316023308437,-9.60402274695899,5.0611785896413,-29.2282047923296,-73.0884721556027,89.9982015795136,0.564128685049114,NA,NA,"Region"
"American Golden-Plover",2006,2019,"Recent-three-generation","East Inland",-8.27957053285877,-14.3292057593848,-1.31038069642432,-68.1479023576401,-86.6085898405821,-15.7579048044287,0.0585435814097075,NA,NA,"Region"
"American Golden-Plover",2006,2019,"Recent-three-generation","Midcontinental",-8.19775925864519,-16.6459097068159,1.91570118574809,-68.8276856437199,-90.6233019929524,27.9776956780022,0.0641524287778532,NA,NA,"Region"
"American Golden-Plover",2006,2019,"Recent-three-generation","Northeast US Coastal",-10.6929357740413,-15.8949872027574,-5.46194723551293,-76.8234092855639,-89.4637888496853,-51.8178136335657,0.03255913050064,NA,NA,"Region"
"American Golden-Plover",2006,2019,"Recent-three-generation","Ontario",-16.4314815370694,-21.8548347610001,-10.954161450264,-90.2978009346839,-95.9474580807192,-77.8702157736902,0.0245335798382736,NA,NA,"Region"
"American Golden-Plover",1993,2006,"Previous-three-generation","Atlantic Canada",-2.52188323557376,-5.28721117831872,0.179191906370021,-28.3178051515971,-50.6471619178551,2.35470733752443,0.796578141141614,NA,NA,"Region"
"American Golden-Plover",1993,2006,"Previous-three-generation","East Inland",-2.98369972036231,-5.61811995054105,-0.585379676885859,-32.4419919881255,-52.8423520854366,-7.34830609097446,0.111399525676454,NA,NA,"Region"
"American Golden-Plover",1993,2006,"Previous-three-generation","Midcontinental",-3.05770753573536,-6.07999717057179,-0.192601258511943,-32.8450319674674,-55.7559105759634,-2.475085174325,0.118533352210221,NA,NA,"Region"
"American Golden-Plover",1993,2006,"Previous-three-generation","Northeast US Coastal",-4.65264723727895,-7.19263310164156,-2.26709714948794,-46.0156222101996,-62.1058765735735,-25.7783823379691,0.0782165529461126,NA,NA,"Region"
"American Golden-Plover",1993,2006,"Previous-three-generation","Ontario",-2.86779573834697,-5.39512522903465,-0.417939212199438,-31.2445694262611,-51.3731984108565,-5.29903052985485,0.0636367699737121,NA,NA,"Region"
"Semipalmated Plover",2004,2019,"15-year","Atlantic Canada",-3.84419968801016,-6.53973877713626,-0.851511631333821,-44.8890162115491,-63.7419125508031,-12.0387364678355,8.54205920741829,NA,NA,"Region"
"Semipalmated Plover",2004,2019,"15-year","East Inland",-5.98705316973459,-8.20013321389943,-3.73061222787891,-60.3771451698084,-72.2903674943286,-43.4642510931294,0.785213122415104,NA,NA,"Region"
"Semipalmated Plover",2004,2019,"15-year","Midcontinental",3.5365144868673,-2.11236328610198,9.61934215998645,67.0978010751413,-27.4031665455181,296.55905623429,0.256692134603208,NA,NA,"Region"
"Semipalmated Plover",2004,2019,"15-year","Northeast US Coastal",-4.21705331484919,-6.81714531738281,-1.54451160387234,-47.8552013059379,-65.3231071325875,-20.823014409069,11.9476576519681,NA,NA,"Region"
"Semipalmated Plover",2004,2019,"15-year","Ontario",-2.80109561316636,-5.65664340385483,0.370338819187637,-35.0016948839923,-58.2487128371882,5.70142761963037,0.337407246722845,NA,NA,"Region"
"Semipalmated Plover",2004,2019,"15-year","Pacific and Intermountain",11.680516635419,5.86922553877359,17.3243199150965,425.54866654543,135.258898152027,998.552329032399,0.776744669501961,NA,NA,"Region"
"Semipalmated Plover",2004,2019,"15-year","Southeast Coastal",3.20074788548838,-3.3908605248916,11.8810931608569,54.9185653623808,-40.396300395876,438.70472189935,18.2463087647529,NA,NA,"Region"
"Semipalmated Plover",2004,2019,"15-year","Texas Coastal",-1.85911459904285,-9.81619261807438,6.01084130934483,-25.302866364075,-78.7710479459493,140.023773510508,61.5641700430839,NA,NA,"Region"
"Semipalmated Plover",1980,2019,"Long-term","Atlantic Canada",-2.7161357514311,-3.96077748748995,-1.4920514024689,-65.8319634689778,-79.3225590699492,-44.3609471027325,9.62961669780685,NA,NA,"Region"
"Semipalmated Plover",1980,2019,"Long-term","East Inland",-8.52498975485287,-10.250441850128,-6.97269163157922,-96.8946464033897,-98.526804273383,-94.032287699934,2.16825525357756,NA,NA,"Region"
"Semipalmated Plover",1980,2019,"Long-term","Midcontinental",-2.08767284160564,-4.60301292537618,0.595216801018648,-56.0343734401157,-84.0833284794171,26.0421832556988,0.309507141748323,NA,NA,"Region"
"Semipalmated Plover",1980,2019,"Long-term","Northeast US Coastal",-3.21695328375318,-4.70406571634298,-1.87634795943161,-71.8489561490777,-84.7278378661345,-52.2278871446799,15.0686601489414,NA,NA,"Region"
"Semipalmated Plover",1980,2019,"Long-term","Ontario",0.25888218117195,-1.2662059207364,1.73982240098831,11.3007366841388,-39.1630751653522,95.9512480428616,0.375724529622324,NA,NA,"Region"
"Semipalmated Plover",1980,2019,"Long-term","Pacific and Intermountain",3.63258270869019,-1.42877713107237,8.6787211960164,304.986469780593,-42.949957671492,2468.24547176674,0.555590632722298,NA,NA,"Region"
"Semipalmated Plover",1980,2019,"Long-term","Southeast Coastal",1.12759202244066,-2.63819388879929,5.16087083576641,53.4746850654056,-64.7502306562428,611.728168144908,16.5819351938036,NA,NA,"Region"
"Semipalmated Plover",1980,2019,"Long-term","Texas Coastal",0.927402536721808,-3.50610455016273,5.5008447394346,41.3449667630912,-75.1404188234716,707.201298488374,63.0109232844258,NA,NA,"Region"
"Semipalmated Plover",2008,2019,"Recent-three-generation","Atlantic Canada",-6.02818178412839,-9.49916231438962,-2.09110136353101,-49.7742248054305,-66.6436439649132,-20.7418706237549,8.14120103977359,NA,NA,"Region"
"Semipalmated Plover",2008,2019,"Recent-three-generation","East Inland",-7.71299166308426,-10.5337760120763,-4.76439013120952,-58.6225847099725,-70.6065754539,-41.5488508952328,0.699687016526492,NA,NA,"Region"
"Semipalmated Plover",2008,2019,"Recent-three-generation","Midcontinental",5.47198509295783,-1.76443550641521,13.4402721958414,78.1391749570583,-17.7840227637585,300.350026203822,0.268083058093103,NA,NA,"Region"
"Semipalmated Plover",2008,2019,"Recent-three-generation","Northeast US Coastal",-5.33391420349211,-8.78597167161372,-1.73892206985725,-45.1108693792493,-63.6354681372643,-17.5488344125741,11.0882494043818,NA,NA,"Region"
"Semipalmated Plover",2008,2019,"Recent-three-generation","Ontario",-2.68201294142002,-6.40986409039414,1.59999673857103,-26.29886160684,-51.7462734796705,19.0777541541725,0.319272661447515,NA,NA,"Region"
"Semipalmated Plover",2008,2019,"Recent-three-generation","Pacific and Intermountain",15.0349175851139,6.49832201491325,23.1214067469691,363.840237566466,99.8804953066564,885.528675650478,0.904181526093202,NA,NA,"Region"
"Semipalmated Plover",2008,2019,"Recent-three-generation","Southeast Coastal",4.35733352680637,-4.01222516713355,15.5222776275588,53.4932471040011,-36.2654106216886,389.016188805878,19.1089518996536,NA,NA,"Region"
"Semipalmated Plover",2008,2019,"Recent-three-generation","Texas Coastal",-1.49495881104584,-11.3910117034479,8.35658922558847,-16.8661198789449,-73.5603546726241,141.77348266622,60.1180737992017,NA,NA,"Region"
"Semipalmated Plover",1997,2008,"Previous-three-generation","Atlantic Canada",1.83653476579036,0.109294122514812,3.6186232257269,22.27755033008,1.20882699197381,47.8481834956684,9.14289170033716,NA,NA,"Region"
"Semipalmated Plover",1997,2008,"Previous-three-generation","East Inland",-1.13493352546842,-2.74550088849002,0.634211782997747,-11.930656056073,-26.3781504607589,7.20181695181198,1.06460484168904,NA,NA,"Region"
"Semipalmated Plover",1997,2008,"Previous-three-generation","Midcontinental",-1.59228193250803,-3.8146419664262,0.645775411952387,-15.8283748434847,-34.8073514430523,7.33739521757958,0.234925803271973,NA,NA,"Region"
"Semipalmated Plover",1997,2008,"Previous-three-generation","Northeast US Coastal",-0.566721640399368,-2.21636356764763,1.11927036152732,-6.30820899704542,-21.850169898122,13.0246575644717,14.6674452806076,NA,NA,"Region"
"Semipalmated Plover",1997,2008,"Previous-three-generation","Ontario",-2.30581611575768,-3.63596106930827,-1.00992554913675,-22.5490415829965,-33.4627359835798,-10.5648640242372,0.42257842059882,NA,NA,"Region"
"Semipalmated Plover",1997,2008,"Previous-three-generation","Pacific and Intermountain",1.64975067549455,-1.55513993459099,4.90994356188981,18.98293172844,-15.8365542907762,69.4272218265228,0.380617075237075,NA,NA,"Region"
"Semipalmated Plover",1997,2008,"Previous-three-generation","Southeast Coastal",0.147961917935514,-3.56046156649373,3.02385725812523,2.43295720849779,-32.8870460386883,38.7764800665474,15.6795656674762,NA,NA,"Region"
"Semipalmated Plover",1997,2008,"Previous-three-generation","Texas Coastal",-1.93054315588953,-5.23215899197207,1.61196633109404,-19.2786813772735,-44.63046739574,19.2321601484381,69.7316996524388,NA,NA,"Region"
"Piping Plover",2004,2019,"15-year","Atlantic Canada",-1.43716287669106,-7.02931592840261,4.47755276474365,-19.2850895595761,-66.4887604235981,92.9056904900752,0.131160179281595,NA,NA,"Region"
"Piping Plover",2004,2019,"15-year","Midcontinental",-5.64690646862844,-13.7531378267142,1.81680484540152,-57.670007587093,-89.1320016250744,31.0062342364092,0.00555496632765428,NA,NA,"Region"
"Piping Plover",2004,2019,"15-year","Northeast US Coastal",-4.42179511457417,-9.41383153021913,0.428138931381928,-49.0434582085569,-77.3050950398453,6.61817135352838,0.783164895678387,NA,NA,"Region"
"Piping Plover",2004,2019,"15-year","Southeast Coastal",-5.66319285150038,-13.6895150556397,3.12411495988336,-58.7459452535252,-89.0111058496835,58.636664903392,4.74775333329183,NA,NA,"Region"
"Piping Plover",2004,2019,"15-year","Texas Coastal",-7.82584254613528,-17.4439143347976,1.87234182311685,-70.4912438032316,-94.3605546009348,32.0823018001694,15.2757875136933,NA,NA,"Region"
"Piping Plover",1980,2019,"Long-term","Atlantic Canada",-2.01194890196165,-4.8577714863077,0.696873785153982,-54.4460867082361,-85.6596589157611,31.106321999588,0.182950740191035,NA,NA,"Region"
"Piping Plover",1980,2019,"Long-term","Midcontinental",-4.12925849024022,-7.87381947113393,-0.56455146051571,-80.6228439608273,-95.9173741400253,-19.8121917810408,0.00848376995694135,NA,NA,"Region"
"Piping Plover",1980,2019,"Long-term","Northeast US Coastal",-2.42068693720308,-4.55177312756206,-0.182210068144008,-62.0812952401537,-83.7464996312946,-6.86561425995247,1.05446808078648,NA,NA,"Region"
"Piping Plover",1980,2019,"Long-term","Southeast Coastal",-1.80742174292232,-6.45240574864699,2.9061315176638,-51.0150235658408,-92.5822465547683,205.63945700354,6.10420271398652,NA,NA,"Region"
"Piping Plover",1980,2019,"Long-term","Texas Coastal",-6.82237019153813,-11.4746565054804,-2.16899880941237,-93.3552103353236,-99.137742052872,-57.4809623253598,33.1506434419595,NA,NA,"Region"
"Piping Plover",2008,2019,"Recent-three-generation","Atlantic Canada",1.29727674016813,-6.4303782013644,9.90293578954381,12.8961781278091,-51.8624904927918,182.557419080112,0.117526636024633,NA,NA,"Region"
"Piping Plover",2008,2019,"Recent-three-generation","Midcontinental",-4.62024825817166,-14.8167611698731,5.34825620319697,-40.0277779339106,-82.8645450272008,77.3784782221463,0.00465945489042062,NA,NA,"Region"
"Piping Plover",2008,2019,"Recent-three-generation","Northeast US Coastal",-3.09572786733143,-9.4485863230985,3.98053200860142,-30.5319196810861,-66.4380191182769,53.6287363056777,0.659710851092728,NA,NA,"Region"
"Piping Plover",2008,2019,"Recent-three-generation","Southeast Coastal",-4.90083885612501,-15.5792346868105,7.23068352798991,-44.5472422267004,-84.47819733471,115.531036815537,4.00989105452663,NA,NA,"Region"
"Piping Plover",2008,2019,"Recent-three-generation","Texas Coastal",-7.12486359261481,-19.2318507714474,5.4402963482119,-55.4982480887864,-90.4579452243503,79.0908335188699,12.2401936203047,NA,NA,"Region"
"Piping Plover",1997,2008,"Previous-three-generation","Atlantic Canada",-4.20152706297108,-7.99585389760941,-0.752255878077658,-37.5805255818334,-60.0164459830253,-7.97048140973168,0.194638078338975,NA,NA,"Region"
"Piping Plover",1997,2008,"Previous-three-generation","Midcontinental",-3.73026526303937,-8.011765875857,0.485892921524584,-34.3166669000418,-60.0924455304311,5.47658506631509,0.00907875529919146,NA,NA,"Region"
"Piping Plover",1997,2008,"Previous-three-generation","Northeast US Coastal",-3.2165414752412,-6.95579681454026,0.346707864190195,-30.2782979814637,-54.7537562136092,3.88062775572343,1.25630347518614,NA,NA,"Region"
"Piping Plover",1997,2008,"Previous-three-generation","Southeast Coastal",-2.89810756567649,-6.95027241742728,1.16831253221251,-27.5108396624227,-54.7241959427552,13.6291046438198,7.48247715999278,NA,NA,"Region"
"Piping Plover",1997,2008,"Previous-three-generation","Texas Coastal",-4.9255066693207,-9.8549929746968,-0.13622631536535,-42.8268301070594,-68.0582691363372,-1.488323804289,27.8537088631765,NA,NA,"Region"
"Whimbrel",2004,2019,"15-year","Atlantic Canada",-0.104110658139928,-7.41228972334785,7.81250659120441,-4.14060989354256,-68.5007530949454,209.056131229867,1.01738378208648,NA,NA,"Region"
"Whimbrel",2004,2019,"15-year","East Inland",-10.6479822779761,-17.4121445976006,-3.6277561202876,-81.7362336077903,-94.3279135482051,-42.551334819727,0.0330531530951572,NA,NA,"Region"
"Whimbrel",2004,2019,"15-year","Northeast US Coastal",-11.8619212139037,-16.9927856111495,-6.22115481817294,-85.1192804050629,-93.8801920585257,-61.8430841316672,1.03095259810669,NA,NA,"Region"
"Whimbrel",2004,2019,"15-year","Ontario",-10.6630872172329,-16.3353876831573,-4.96724371641265,-81.4424705101185,-93.1114533470621,-53.4306731218385,0.0163163470202432,NA,NA,"Region"
"Whimbrel",2004,2019,"15-year","Southeast Coastal",-11.904261417648,-19.378304473978,-2.99056561047158,-85.4604689384962,-96.0483454193606,-36.5824312971529,1.91461825589347,NA,NA,"Region"
"Whimbrel",1980,2019,"Long-term","Atlantic Canada",-1.02969695222769,-4.74654617138003,2.62814382582115,-33.6730537889305,-84.9911023314453,175.037879849648,1.37138749412464,NA,NA,"Region"
"Whimbrel",1980,2019,"Long-term","East Inland",-2.05521385477158,-5.42341920324478,1.39473214550848,-55.5739187854087,-88.6352273551689,71.6328178293343,0.0465157757831116,NA,NA,"Region"
"Whimbrel",1980,2019,"Long-term","Northeast US Coastal",-4.39771116456706,-7.42315526880452,-1.59104095137034,-82.6864370109658,-95.0615204867504,-46.5003572562322,1.79252611271341,NA,NA,"Region"
"Whimbrel",1980,2019,"Long-term","Ontario",-2.29635846682427,-5.3494299792294,0.79328469769828,-59.5103050508432,-88.283248453462,36.0919263244226,0.0230824505962378,NA,NA,"Region"
"Whimbrel",1980,2019,"Long-term","Southeast Coastal",-3.82420607208051,-7.93064206887823,0.411423673528142,-78.3456308391357,-96.0144388975988,17.3658888824522,3.13785631594662,NA,NA,"Region"
"Whimbrel",1999,2019,"Recent-three-generation","Atlantic Canada",1.27992733754769,-4.77933115780054,7.53516330139529,26.7579200253366,-62.448735780092,327.572729057227,1.10526824319903,NA,NA,"Region"
"Whimbrel",1999,2019,"Recent-three-generation","East Inland",-6.90622973649712,-12.5161858349093,-0.890759703157186,-76.4363440382302,-93.1046819501433,-16.3846228051826,0.0410919154724304,NA,NA,"Region"
"Whimbrel",1999,2019,"Recent-three-generation","Northeast US Coastal",-8.08581040322908,-12.5808885035653,-3.2571684588635,-81.6052932991334,-93.2059647021082,-48.4325186209255,1.32634382842031,NA,NA,"Region"
"Whimbrel",1999,2019,"Recent-three-generation","Ontario",-6.9020730125691,-11.8354461583061,-2.11021112197375,-76.075114933276,-91.9484353881536,-34.7248504531851,0.0202183594981579,NA,NA,"Region"
"Whimbrel",1999,2019,"Recent-three-generation","Southeast Coastal",-8.06068068120687,-14.4812407260291,-0.872818514337361,-81.8716397691963,-95.6224830730769,-16.0819725005056,2.43780450069935,NA,NA,"Region"
"Whimbrel",1980,1999,"Previous-three-generation","Atlantic Canada",-3.34732074414463,-9.3175552397949,2.06791533073991,-46.8613038456363,-84.4065843010798,47.5352182078751,1.64272095858664,NA,NA,"Region"
"Whimbrel",1980,1999,"Previous-three-generation","East Inland",3.37665962018464,-1.30376817584494,8.65542800938361,85.4425628882453,-22.06888949853,384.146930669596,0.0527966788516995,NA,NA,"Region"
"Whimbrel",1980,1999,"Previous-three-generation","Northeast US Coastal",-0.319507334402923,-4.76215186793274,4.2946066208988,-5.50719161437172,-60.4285531401421,122.318271460182,2.29326312677383,NA,NA,"Region"
"Whimbrel",1980,1999,"Previous-three-generation","Ontario",2.83655017757881,-1.50368289275042,7.55643832188239,67.7597943817716,-25.0140582921689,299.109297124238,0.0263568522629225,NA,NA,"Region"
"Whimbrel",1980,1999,"Previous-three-generation","Southeast Coastal",0.913778759152119,-5.02346972240861,6.70155163326182,19.1345261384399,-62.4413690309357,242.960524985484,3.89806842025811,NA,NA,"Region"
"Hudsonian Godwit",2004,2019,"15-year","Atlantic Canada",-19.5688925229306,-24.9456676042097,-14.0293718817033,-96.218264238353,-98.6490586252286,-89.6425818691509,0.255286662871207,NA,NA,"Region"
"Hudsonian Godwit",2004,2019,"15-year","East Inland",-19.193205927603,-25.6144690608709,-10.8884625129845,-96.1130924107268,-98.8187881262916,-82.2577284919065,0.000677561246032859,NA,NA,"Region"
"Hudsonian Godwit",2004,2019,"15-year","Northeast US Coastal",-20.3396676252677,-25.507998213407,-15.1014378985063,-96.7056670805045,-98.7931732088651,-91.4196479949512,0.944509121543959,NA,NA,"Region"
"Hudsonian Godwit",2004,2019,"15-year","Ontario",-19.0441172645197,-24.9774337805822,-11.718717181356,-95.9662837952542,-98.6576092649106,-84.581946617066,0.00165015777512472,NA,NA,"Region"
"Hudsonian Godwit",1980,2019,"Long-term","Atlantic Canada",-6.6662423874183,-9.90456117049284,-3.52944113621778,-93.1303461842001,-98.288371383127,-75.3738236411932,0.572061240556013,NA,NA,"Region"
"Hudsonian Godwit",1980,2019,"Long-term","East Inland",-10.3961303619061,-14.2978220743196,-5.94621216093609,-98.6432840898649,-99.7563970798249,-90.844624781519,0.00235980206187634,NA,NA,"Region"
"Hudsonian Godwit",1980,2019,"Long-term","Northeast US Coastal",-12.9023305610897,-15.3973906511689,-10.5933824536399,-99.5350642494662,-99.8527800508806,-98.7311305444792,4.87603244439565,NA,NA,"Region"
"Hudsonian Godwit",1980,2019,"Long-term","Ontario",-11.0566829241552,-14.6358234049286,-7.24303880040845,-98.9878120438454,-99.7911903360948,-94.6726157157782,0.00657569978880636,NA,NA,"Region"
"Hudsonian Godwit",2000,2019,"Recent-three-generation","Atlantic Canada",-16.6113940679087,-20.7940087560854,-11.9426013665345,-96.8506745606748,-98.8076529284097,-91.0761721454292,0.338059567937778,NA,NA,"Region"
"Hudsonian Godwit",2000,2019,"Recent-three-generation","East Inland",-16.4501039977125,-21.7726853327676,-9.62861923114038,-96.8729350194249,-99.058522303888,-85.3920952506658,0.000903298634265079,NA,NA,"Region"
"Hudsonian Godwit",2000,2019,"Recent-three-generation","Northeast US Coastal",-17.5174775286934,-21.6632169665184,-13.2054539064559,-97.416432948132,-99.0331726135313,-93.2180228141817,1.30544110787671,NA,NA,"Region"
"Hudsonian Godwit",2000,2019,"Recent-three-generation","Ontario",-16.3889432364422,-21.256381007943,-10.3742509416429,-96.7756051759745,-98.9331776104887,-87.519751028424,0.00222710450457012,NA,NA,"Region"
"Hudsonian Godwit",1981,2000,"Previous-three-generation","Atlantic Canada",2.99491949945974,-1.81508847217388,7.63860000482236,76.0897205720846,-29.3925787559663,304.941955205327,0.82268353849677,NA,NA,"Region"
"Hudsonian Godwit",1981,2000,"Previous-three-generation","East Inland",-4.49294694523364,-10.6510115658532,1.96347518848751,-58.8295667211635,-88.2319846375384,44.6932231875788,0.00363362646227221,NA,NA,"Region"
"Hudsonian Godwit",1981,2000,"Previous-three-generation","Northeast US Coastal",-8.29464174888052,-11.1691285328036,-5.34546763830975,-80.6024283363532,-89.4630584797969,-64.7883096007656,7.72347320219485,NA,NA,"Region"
"Hudsonian Godwit",1981,2000,"Previous-three-generation","Ontario",-5.78306892210679,-10.9869215746491,-0.446339996420698,-68.0461052468692,-89.0447338244189,-8.14824714006339,0.0102235668511463,NA,NA,"Region"
"Ruddy Turnstone",2004,2019,"15-year","Atlantic Canada",-5.41120991170492,-8.83934351147732,-1.79442661154514,-56.8815041054241,-75.0476376183425,-23.7847224595574,1.19798351276988,NA,NA,"Region"
"Ruddy Turnstone",2004,2019,"15-year","East Inland",-0.319222449424557,-5.76661387663145,5.54595049887225,-5.56563770327787,-58.9727920859744,124.710642842613,0.115361328055265,NA,NA,"Region"
"Ruddy Turnstone",2004,2019,"15-year","Midcontinental",-3.57057549749335,-13.9876162857805,7.82686620341961,-42.4981607554442,-89.5668663220828,209.674413789399,0.0410820915600908,NA,NA,"Region"
"Ruddy Turnstone",2004,2019,"15-year","Northeast US Coastal",-4.32425120711118,-7.64160160095082,-0.994477524971657,-48.4463951385168,-69.6508942324586,-13.9221719375511,2.68742573468142,NA,NA,"Region"
"Ruddy Turnstone",2004,2019,"15-year","Ontario",-15.9190535915534,-20.8115818694104,-10.5928970783291,-92.6821729631205,-96.9805696256224,-81.3541848421457,0.0371560686271794,NA,NA,"Region"
"Ruddy Turnstone",2004,2019,"15-year","Southeast Coastal",6.05870343728492,-3.30429152924426,17.2418057931657,136.073473130059,-39.5901160837862,987.019927225167,23.2610484149718,NA,NA,"Region"
"Ruddy Turnstone",2004,2019,"15-year","Texas Coastal",4.0420021672182,-7.79570619466291,17.3557031759486,76.4714413944624,-70.4016610563415,1002.96822880154,8.64054801268546,NA,NA,"Region"
"Ruddy Turnstone",1980,2019,"Long-term","Atlantic Canada",-3.707317092483,-5.36019375591715,-2.06738598556651,-77.0883490818398,-88.3351292289839,-55.7241837718873,1.94610334859511,NA,NA,"Region"
"Ruddy Turnstone",1980,2019,"Long-term","East Inland",-0.464073867568696,-2.74771072052388,1.92531357614633,-17.4802370543093,-66.2640057637985,110.377946883804,0.129816915039249,NA,NA,"Region"
"Ruddy Turnstone",1980,2019,"Long-term","Midcontinental",-4.34252381855332,-9.11838897968222,0.470404344553454,-82.1535507882836,-97.5980460267611,20.0847632666112,0.0785530805073448,NA,NA,"Region"
"Ruddy Turnstone",1980,2019,"Long-term","Northeast US Coastal",-5.80687526606334,-7.42983394070359,-4.11211328953821,-90.3594903782655,-95.0754033034275,-80.5559759961154,5.71185433375259,NA,NA,"Region"
"Ruddy Turnstone",1980,2019,"Long-term","Ontario",-8.845185474144,-11.2515617333822,-6.49058174637015,-97.3155903587223,-99.0488082852395,-92.699395010411,0.112788055701122,NA,NA,"Region"
"Ruddy Turnstone",1980,2019,"Long-term","Southeast Coastal",-3.11736311389048,-7.17603383903846,1.29424219862415,-71.921665665089,-94.5204522024899,65.1222665540504,36.1679339539142,NA,NA,"Region"
"Ruddy Turnstone",1980,2019,"Long-term","Texas Coastal",-1.00255964992174,-6.41322612378924,4.88721943259432,-33.8433280274094,-92.4601146263311,542.954852224568,9.73398492017859,NA,NA,"Region"
"Ruddy Turnstone",2000,2019,"Recent-three-generation","Atlantic Canada",-4.8552453621956,-7.48967102698729,-2.11683283550591,-61.2614417222909,-77.2168154363843,-33.4033703606406,1.32105455873715,NA,NA,"Region"
"Ruddy Turnstone",2000,2019,"Recent-three-generation","East Inland",-0.609468800479909,-4.94173580642006,4.10243632573201,-11.9641348005918,-61.8224799933347,114.662895340082,0.118390690393604,NA,NA,"Region"
"Ruddy Turnstone",2000,2019,"Recent-three-generation","Midcontinental",-3.603525054687,-12.2888331787457,5.50301273929795,-50.7164194808608,-91.7197606744602,176.714929707368,0.0447518813991441,NA,NA,"Region"
"Ruddy Turnstone",2000,2019,"Recent-three-generation","Northeast US Coastal",-4.09768546112359,-6.67514313974098,-1.52739658598641,-54.6964082468505,-73.0877928209289,-25.3563277984894,2.95034889078736,NA,NA,"Region"
"Ruddy Turnstone",2000,2019,"Recent-three-generation","Ontario",-13.8937310911047,-17.9051596633407,-9.5191450866013,-94.236973078096,-97.6449406351592,-85.0522015222486,0.0477815819384321,NA,NA,"Region"
"Ruddy Turnstone",2000,2019,"Recent-three-generation","Southeast Coastal",4.1870883935816,-3.28312761828413,12.7941337161488,112.887569094768,-46.9674316777138,885.017056825971,22.3508195972618,NA,NA,"Region"
"Ruddy Turnstone",2000,2019,"Recent-three-generation","Texas Coastal",2.70061834425701,-6.9067991419605,13.1910494720371,62.1146736473633,-74.3290877081183,953.003220503502,8.31758278995278,NA,NA,"Region"
"Ruddy Turnstone",1981,2000,"Previous-three-generation","Atlantic Canada",-2.65177048868417,-5.05249731456885,-0.342470676403861,-39.9851621677198,-62.6588762868124,-6.31021838612852,2.50171930509429,NA,NA,"Region"
"Ruddy Turnstone",1981,2000,"Previous-three-generation","East Inland",-0.184972416800263,-3.0133124549525,2.85515801808584,-3.94206571344667,-44.08473148635,70.7245255216516,0.140706325142037,NA,NA,"Region"
"Ruddy Turnstone",1981,2000,"Previous-three-generation","Midcontinental",-4.85897496753194,-9.92762703822784,0.491963010057274,-61.3430314116925,-86.283589086244,9.77295257320646,0.105541206255175,NA,NA,"Region"
"Ruddy Turnstone",1981,2000,"Previous-three-generation","Northeast US Coastal",-6.97548333819369,-9.1984930146318,-4.86201025569698,-74.6099415738482,-84.0129574152826,-61.2094940420624,7.68071814716735,NA,NA,"Region"
"Ruddy Turnstone",1981,2000,"Previous-three-generation","Ontario",-4.1761523440134,-6.96567319898525,-1.51125441297547,-55.5287612403731,-74.6357964645028,-25.1235032194183,0.171823001675466,NA,NA,"Region"
"Ruddy Turnstone",1981,2000,"Previous-three-generation","Southeast Coastal",-8.93850173637813,-14.5245764707567,-3.45192727123411,-83.1122712623434,-94.9302793602611,-48.6986738400149,43.097601882597,NA,NA,"Region"
"Ruddy Turnstone",1981,2000,"Previous-three-generation","Texas Coastal",-4.14372231184189,-10.4401812446649,2.67638528383599,-55.7637335570091,-87.6930352899803,65.1736876492833,10.5326110132048,NA,NA,"Region"
"Red Knot",2004,2019,"15-year","Atlantic Canada",-7.72512270231435,-12.8085427609442,-2.55878218744275,-70.0209156928186,-87.2029743039199,-32.2139054297275,2.63656617778004,NA,NA,"Region"
"Red Knot",2004,2019,"15-year","East Inland",-14.6712639015157,-19.8526308340625,-9.00731091366038,-90.8175253439194,-96.3830729917564,-75.7284336079307,0.017472783046354,NA,NA,"Region"
"Red Knot",2004,2019,"15-year","Midcontinental",-18.4547484229331,-28.1195968678104,-8.75690887407687,-95.3511065867792,-99.293423303373,-74.7070283909703,0.00776823972712972,NA,NA,"Region"
"Red Knot",2004,2019,"15-year","Northeast US Coastal",-7.46420075902025,-12.0942624219112,-2.23469217116991,-69.1880723717537,-85.5369973231663,-28.7521580776448,19.3979225694132,NA,NA,"Region"
"Red Knot",2004,2019,"15-year","Ontario",-17.424307157358,-22.7293603099683,-12.0059084383895,-94.3505912476341,-97.9096558007116,-85.3174071649236,0.02300931594066,NA,NA,"Region"
"Red Knot",2004,2019,"15-year","Southeast Coastal",-22.2164973918024,-30.450800644216,-13.7773823352876,-97.7721058583102,-99.5690935975824,-89.1777281406697,67.2350162689847,NA,NA,"Region"
"Red Knot",2004,2019,"15-year","Texas Coastal",-21.4090832574276,-30.9285618091142,-11.3022643646979,-97.3530989206178,-99.6114223209292,-83.4541911436196,1.73350068779193,NA,NA,"Region"
"Red Knot",1980,2019,"Long-term","Atlantic Canada",-8.590121110498,-10.9768856978423,-6.17458963817491,-97.0237838208604,-98.9269781592998,-91.6728032271137,8.37072092377576,NA,NA,"Region"
"Red Knot",1980,2019,"Long-term","East Inland",-8.58668719533016,-11.4369394603985,-5.7241109624163,-97.0057978557875,-99.1232947858637,-89.9625160471269,0.0473178841448273,NA,NA,"Region"
"Red Knot",1980,2019,"Long-term","Midcontinental",-10.3271989493467,-15.1710816105788,-5.02105510826105,-98.5879949416106,-99.8366144404428,-86.5888416453492,0.0231243071448925,NA,NA,"Region"
"Red Knot",1980,2019,"Long-term","Northeast US Coastal",-7.56770863806072,-9.54251204030676,-5.51959426926816,-95.3870206213219,-97.9985877174359,-89.077344477995,52.0579157486027,NA,NA,"Region"
"Red Knot",1980,2019,"Long-term","Ontario",-12.7503002950316,-15.0383189623139,-10.482703457417,-99.5141687727312,-99.8263396098843,-98.6684074394583,0.113051907257458,NA,NA,"Region"
"Red Knot",1980,2019,"Long-term","Southeast Coastal",-8.38688323469208,-12.8577423692076,-3.7699472382375,-96.7267109445977,-99.5334224198006,-77.6579756041865,161.726956119553,NA,NA,"Region"
"Red Knot",1980,2019,"Long-term","Texas Coastal",-5.72310337040578,-11.5980836457198,-0.0996999730580343,-89.5260368527289,-99.1834068978218,-3.81554045371932,3.31843587014059,NA,NA,"Region"
"Red Knot",1998,2019,"Recent-three-generation","Atlantic Canada",-6.55687737132267,-10.3029402333307,-2.719615235993,-75.8624629465972,-89.806032455665,-43.9557569673017,3.3174157977642,NA,NA,"Region"
"Red Knot",1998,2019,"Recent-three-generation","East Inland",-11.9076576589102,-15.7841869617918,-7.75017305307807,-93.0392820770073,-97.2881436638493,-81.6229040670635,0.0250138027897835,NA,NA,"Region"
"Red Knot",1998,2019,"Recent-three-generation","Midcontinental",-14.942854446369,-22.6996029106621,-7.37652689489091,-96.6404812293424,-99.5514441326101,-79.994740580886,0.011704902351383,NA,NA,"Region"
"Red Knot",1998,2019,"Recent-three-generation","Northeast US Coastal",-6.40187344271278,-9.82982993847028,-2.93533848854178,-75.2229428776723,-88.6153242878328,-46.5085762803261,24.2111668308778,NA,NA,"Region"
"Red Knot",1998,2019,"Recent-three-generation","Ontario",-14.1899803728733,-18.2478870382198,-10.1723615598386,-95.9677190993056,-98.5462866684482,-89.4898230845588,0.0350051376065903,NA,NA,"Region"
"Red Knot",1998,2019,"Recent-three-generation","Southeast Coastal",-17.804173725544,-24.3625487769202,-11.3644988795934,-98.3945234672617,-99.7158977815917,-92.0610728039393,108.878954531153,NA,NA,"Region"
"Red Knot",1998,2019,"Recent-three-generation","Texas Coastal",-16.9866605590167,-24.3809154877236,-9.10322462911835,-97.9894051467635,-99.7173410946337,-86.5253327166482,2.67269157522886,NA,NA,"Region"
"Red Knot",1980,1998,"Previous-three-generation","Atlantic Canada",-10.8772686606509,-15.1024583398115,-6.95291498551595,-87.2705371463126,-94.7505609288047,-72.6693516530329,14.0669722131693,NA,NA,"Region"
"Red Knot",1980,1998,"Previous-three-generation","East Inland",-4.52056241594646,-8.77816079593425,-0.108349787005011,-56.6813303454205,-80.8671862889016,-1.93243754365367,0.0732067958925716,NA,NA,"Region"
"Red Knot",1980,1998,"Previous-three-generation","Midcontinental",-4.52238406365874,-11.8581731118065,3.2489579454163,-56.5975779897804,-89.6895611329417,77.8044734627897,0.0363999872965095,NA,NA,"Region"
"Red Knot",1980,1998,"Previous-three-generation","Northeast US Coastal",-8.88940182003417,-11.805900891412,-5.89805786674211,-81.2163706890158,-89.5789490682834,-66.5208390269701,83.6273662954,NA,NA,"Region"
"Red Knot",1980,1998,"Previous-three-generation","Ontario",-11.0146372073699,-13.7816352264864,-8.06932052562862,-87.797187445313,-93.0689963088164,-78.006787971156,0.201350508658427,NA,NA,"Region"
"Red Knot",1980,1998,"Previous-three-generation","Southeast Coastal",4.07321129188374,-3.74470634943291,12.2916311118534,105.903956479912,-49.6912607185877,705.848998642007,226.981863669601,NA,NA,"Region"
"Red Knot",1980,1998,"Previous-three-generation","Texas Coastal",9.52609132238468,-0.704144540741954,20.5467059961322,399.801182130311,-11.9436861991869,2789.32416264097,4.18052432750663,NA,NA,"Region"
"Stilt Sandpiper",2004,2019,"15-year","Atlantic Canada",-7.87651689167243,-13.4126747241559,-2.48540869884221,-70.6077055083274,-88.4703832349244,-31.4442139010015,0.0185928657593271,NA,NA,"Region"
"Stilt Sandpiper",2004,2019,"15-year","East Inland",-7.77298446612905,-12.8873778404043,-2.15274166245078,-70.8116647036856,-87.3754384987685,-27.8510656996785,0.278029183490472,NA,NA,"Region"
"Stilt Sandpiper",2004,2019,"15-year","Midcontinental",-5.73231966541988,-11.4500838416404,0.937054695884107,-59.6359696400549,-83.8630079028189,15.0163168282109,19.1110547421325,NA,NA,"Region"
"Stilt Sandpiper",2004,2019,"15-year","Northeast US Coastal",-5.73570037015345,-10.7327784840362,0.0488085690831941,-59.3024974524985,-81.7870500093618,0.734916642848812,0.511305034487858,NA,NA,"Region"
"Stilt Sandpiper",2004,2019,"15-year","Ontario",-5.96784495594678,-10.81445499976,-0.701355180183718,-60.9539799523007,-82.0354202296762,-10.0191982534231,0.182535527220679,NA,NA,"Region"
"Stilt Sandpiper",2004,2019,"15-year","Pacific and Intermountain",-5.80616132421673,-12.108907583837,1.38346058870612,-60.2719680975635,-85.5731027968486,22.8872207699588,0.0206334311814982,NA,NA,"Region"
"Stilt Sandpiper",2004,2019,"15-year","Southeast Coastal",-5.76802656773084,-11.6647701753808,0.898170936634457,-60.0938193927065,-84.4400158603458,14.3535395408104,6.09480923460402,NA,NA,"Region"
"Stilt Sandpiper",1980,2019,"Long-term","Atlantic Canada",-4.76554630878359,-8.26730141889463,-1.20727016025471,-85.3915875708903,-96.5450432197214,-37.730582507557,0.0374989168600598,NA,NA,"Region"
"Stilt Sandpiper",1980,2019,"Long-term","East Inland",-2.20524347911376,-5.1183784536767,0.813901217138915,-58.1799806175032,-87.114468432427,37.1818887258967,0.357150634672917,NA,NA,"Region"
"Stilt Sandpiper",1980,2019,"Long-term","Midcontinental",-5.91454539024918,-9.02813373591831,-2.70217627795797,-90.7599395676065,-97.5032381798334,-65.6424090415647,43.1556319760115,NA,NA,"Region"
"Stilt Sandpiper",1980,2019,"Long-term","Northeast US Coastal",-7.88690450773526,-10.2300835130545,-5.4426999950116,-95.9573753420607,-98.5137146818833,-88.7252362328295,1.4685832970863,NA,NA,"Region"
"Stilt Sandpiper",1980,2019,"Long-term","Ontario",-6.4205137671182,-9.08424551913099,-3.61773173714808,-92.5408781218227,-97.5626003541701,-76.2376751988009,0.460979193722976,NA,NA,"Region"
"Stilt Sandpiper",1980,2019,"Long-term","Pacific and Intermountain",-5.98754721606688,-10.5526846789916,-1.12744230660835,-91.1195130086695,-98.7084086065636,-35.7378891877567,0.0512559329643422,NA,NA,"Region"
"Stilt Sandpiper",1980,2019,"Long-term","Southeast Coastal",-7.13201031774443,-12.0979975299335,-2.1432559558784,-94.4618888708879,-99.3454361550329,-57.0424143953669,18.3137465194462,NA,NA,"Region"
"Stilt Sandpiper",2006,2019,"Recent-three-generation","Atlantic Canada",-7.64211306468696,-14.0601278793222,-1.14730256063727,-64.214885707512,-86.0513832932174,-13.9301936323232,0.0167160361608649,NA,NA,"Region"
"Stilt Sandpiper",2006,2019,"Recent-three-generation","East Inland",-7.7914493622135,-13.7496217608421,-0.910623998926594,-65.9845785962592,-85.3818236236668,-11.2124205600372,0.254264294183233,NA,NA,"Region"
"Stilt Sandpiper",2006,2019,"Recent-three-generation","Midcontinental",-5.26189448168975,-11.87198485336,2.47793699449111,-51.7071143023948,-80.6588694819154,37.4658640231674,17.6348742294808,NA,NA,"Region"
"Stilt Sandpiper",2006,2019,"Recent-three-generation","Northeast US Coastal",-5.22755797076684,-11.1070748757466,1.85062739380549,-51.1741085385872,-78.3591845997736,26.9194777384364,0.468693577694673,NA,NA,"Region"
"Stilt Sandpiper",2006,2019,"Recent-three-generation","Ontario",-5.4902550220037,-11.2534150276378,0.931170946481718,-52.8180945983105,-78.8177805234555,12.8051976019799,0.167145503369705,NA,NA,"Region"
"Stilt Sandpiper",2006,2019,"Recent-three-generation","Pacific and Intermountain",-5.3247406082616,-12.5090532831562,3.01327855256052,-52.1784641853897,-82.3996804238347,47.0997000011561,0.0190390370871457,NA,NA,"Region"
"Stilt Sandpiper",2006,2019,"Recent-three-generation","Southeast Coastal",-5.23417095408266,-12.0600514654094,2.68447012166085,-51.4503925091735,-81.1886118522821,41.111367642867,5.60123425956621,NA,NA,"Region"
"Stilt Sandpiper",1993,2006,"Previous-three-generation","Atlantic Canada",-3.76052570293289,-6.81133730840221,-0.733126377888531,-39.1932886630434,-60.031290120274,-9.12247856233644,0.0410034116985049,NA,NA,"Region"
"Stilt Sandpiper",1993,2006,"Previous-three-generation","East Inland",-0.975611225528994,-3.88889170764835,1.86056484095223,-11.739646087926,-40.2886885403324,27.0805370428605,0.503266172616292,NA,NA,"Region"
"Stilt Sandpiper",1993,2006,"Previous-three-generation","Midcontinental",-4.36050489492843,-7.30406802943314,-1.37974496222784,-43.9840676720544,-62.6931329406951,-16.5243931984413,38.5207848617674,NA,NA,"Region"
"Stilt Sandpiper",1993,2006,"Previous-three-generation","Northeast US Coastal",-4.3533021779762,-7.21221526719456,-1.60101010028832,-44.0766520535565,-62.2096873532671,-18.9266117593439,1.0657084466988,NA,NA,"Region"
"Stilt Sandpiper",1993,2006,"Previous-three-generation","Ontario",-4.48837705189182,-7.24544786869754,-1.68070298199216,-44.6732487035187,-62.3852613081717,-19.7760683234992,0.384263965267216,NA,NA,"Region"
"Stilt Sandpiper",1993,2006,"Previous-three-generation","Pacific and Intermountain",-4.56842651449124,-7.89600001404513,-1.27676218036451,-45.7199472312564,-65.6742219005681,-15.3840807393245,0.0421026930858487,NA,NA,"Region"
"Stilt Sandpiper",1993,2006,"Previous-three-generation","Southeast Coastal",-4.93282746101306,-8.21563641580789,-1.64394834634773,-48.0276806092913,-67.1909909173918,-19.3853037957694,12.8224795638259,NA,NA,"Region"
"Sanderling",2004,2019,"15-year","Atlantic Canada",-5.98441244070224,-10.765058057546,-1.00729526212819,-60.5274203629106,-81.8855904917966,-14.0891814375537,22.030418756988,NA,NA,"Region"
"Sanderling",2004,2019,"15-year","East Inland",-2.20882864297632,-7.08090917260043,3.18043172315152,-29.3334110609955,-66.7666289542824,59.9411118027993,2.04508916379411,NA,NA,"Region"
"Sanderling",2004,2019,"15-year","Midcontinental",-0.388269584041987,-9.30022723265148,9.35997773620991,-8.24082888387252,-76.8744009766935,282.715746273464,1.94190737197025,NA,NA,"Region"
"Sanderling",2004,2019,"15-year","Northeast US Coastal",-5.39835470866051,-9.60017559936729,-1.00940594783887,-56.599769475452,-77.9953828906219,-14.1166430336689,238.324260042836,NA,NA,"Region"
"Sanderling",2004,2019,"15-year","Ontario",-10.1942531062541,-14.9580230330712,-4.91136742444599,-80.3239871774335,-91.1996444167465,-53.0182544841891,2.92954351969086,NA,NA,"Region"
"Sanderling",2004,2019,"15-year","Pacific and Intermountain",5.35945770125321,-4.9901981515586,16.5763454991194,115.177856809532,-53.5990353963962,898.060120000583,0.0198331950031782,NA,NA,"Region"
"Sanderling",2004,2019,"15-year","Southeast Coastal",9.33676227151366,-2.02321896645008,22.6109553962107,267.003681641902,-26.4051356307715,2027.84618103376,226.510605761146,NA,NA,"Region"
"Sanderling",2004,2019,"15-year","Texas Coastal",-0.611744094977309,-13.7585709494682,13.9159144627801,-10.0954751699948,-89.1422642688394,605.937196839195,408.054705559608,NA,NA,"Region"
"Sanderling",1980,2019,"Long-term","Atlantic Canada",-3.1811191177875,-5.6394378300121,-0.668216766262637,-71.8464683999875,-89.6048608976292,-23.0088062150388,39.1692459643731,NA,NA,"Region"
"Sanderling",1980,2019,"Long-term","East Inland",-0.576762847485087,-2.64766481980826,1.64357461849909,-21.7380154694314,-64.8837052358219,88.8501223393245,2.82570943292288,NA,NA,"Region"
"Sanderling",1980,2019,"Long-term","Midcontinental",-1.98844486444621,-5.83486414516417,2.15619264290194,-54.7256533028843,-90.4122680298245,129.786048041847,2.89149610620256,NA,NA,"Region"
"Sanderling",1980,2019,"Long-term","Northeast US Coastal",-5.23248810451253,-7.58143072016823,-2.89716761059285,-87.6111599105695,-95.3803344424817,-68.2280380406343,557.82425711625,NA,NA,"Region"
"Sanderling",1980,2019,"Long-term","Ontario",-3.82444076930729,-7.20687663970231,-1.02400257116294,-76.9987111657547,-94.5910129574345,-33.063100033584,6.31479816178733,NA,NA,"Region"
"Sanderling",1980,2019,"Long-term","Pacific and Intermountain",1.18813533629368,-4.82624693272646,7.73099115982455,53.2871295025006,-85.4731772910702,1725.09711831123,0.0209738140102147,NA,NA,"Region"
"Sanderling",1980,2019,"Long-term","Southeast Coastal",2.56107517264815,-2.05620973151748,7.89290050706743,157.09014020384,-55.526690503299,1835.18419152454,190.900435776836,NA,NA,"Region"
"Sanderling",1980,2019,"Long-term","Texas Coastal",-0.444254750259636,-6.9793179936961,6.14557372919839,-17.2559117274918,-94.0488451043765,923.702996088011,475.536220725425,NA,NA,"Region"
"Sanderling",1999,2019,"Recent-three-generation","Atlantic Canada",-5.87603292460697,-9.47840045906506,-2.25297515150666,-70.2220679211472,-86.3527737932289,-36.6026713527812,27.2842640972118,NA,NA,"Region"
"Sanderling",1999,2019,"Recent-three-generation","East Inland",-2.89038709421918,-6.60123575332595,1.01498109103693,-44.7312268004266,-74.4834102779533,22.3814917974003,2.35851457817991,NA,NA,"Region"
"Sanderling",1999,2019,"Recent-three-generation","Midcontinental",-1.51123734519515,-8.54629319765516,6.09340922759092,-26.8690456337537,-83.2495458408709,226.413708801992,2.17083480357677,NA,NA,"Region"
"Sanderling",1999,2019,"Recent-three-generation","Northeast US Coastal",-5.74603822844035,-8.80278748545993,-2.69498975263804,-69.5438593418301,-84.1645179545157,-42.0966011506285,310.675581149428,NA,NA,"Region"
"Sanderling",1999,2019,"Recent-three-generation","Ontario",-9.50973596899795,-13.1232549712661,-5.57922130030812,-86.5514242876925,-94.0011110737304,-68.2786574739408,4.11686935172575,NA,NA,"Region"
"Sanderling",1999,2019,"Recent-three-generation","Pacific and Intermountain",3.06446725550706,-4.97270380135635,11.3714832940449,82.5218546278116,-63.9448380898677,761.947786346176,0.0195563791152946,NA,NA,"Region"
"Sanderling",1999,2019,"Recent-three-generation","Southeast Coastal",6.10949252468962,-2.46702999950511,15.9043118620897,214.93408037458,-39.3222504683684,1814.22008061691,211.892133106576,NA,NA,"Region"
"Sanderling",1999,2019,"Recent-three-generation","Texas Coastal",-1.57853262562551,-11.882826714012,9.53995443543066,-28.321401198361,-92.0345338766733,518.658790853548,433.433139938834,NA,NA,"Region"
"Sanderling",1980,1999,"Previous-three-generation","Atlantic Canada",-0.237000509493932,-4.42913283515837,3.94890485558867,-5.67025065171306,-57.715129413879,108.72691181365,52.1048268953244,NA,NA,"Region"
"Sanderling",1980,1999,"Previous-three-generation","East Inland",1.94183916318509,-1.46657515086687,5.38640208520831,42.7389428654986,-24.4754518439045,170.961126691409,3.35696768500677,NA,NA,"Region"
"Sanderling",1980,1999,"Previous-three-generation","Midcontinental",-2.42705687719311,-7.31555027287244,2.53640189650782,-36.4416628165994,-76.3881155690773,60.9471910491041,3.66097452641255,NA,NA,"Region"
"Sanderling",1980,1999,"Previous-three-generation","Northeast US Coastal",-4.66556293326644,-8.94481117939806,-0.441776069639916,-59.1264459857512,-83.1426506266547,-8.06822028124872,819.758583351857,NA,NA,"Region"
"Sanderling",1980,1999,"Previous-three-generation","Ontario",2.58186904320343,-3.42358593342089,7.72150847855205,67.2859716405873,-48.4117892749924,310.909439604577,8.75475993456352,NA,NA,"Region"
"Sanderling",1980,1999,"Previous-three-generation","Pacific and Intermountain",-0.622317812941078,-10.8405020646175,10.2665507899825,-14.4589242166796,-88.6972332662453,540.373321892998,0.0224001032424142,NA,NA,"Region"
"Sanderling",1980,1999,"Previous-three-generation","Southeast Coastal",-0.949096818442758,-7.45163994371188,6.13221639072776,-16.8430683623464,-77.0381908963819,209.811541171935,167.936435210537,NA,NA,"Region"
"Sanderling",1980,1999,"Previous-three-generation","Texas Coastal",0.929616224170899,-8.29943833397669,11.150630305171,15.6879275477833,-80.7217228480097,645.292483532717,523.352217256589,NA,NA,"Region"
"Dunlin",2004,2019,"15-year","Atlantic Canada",-8.71845759109979,-13.1209304615426,-4.36041302806993,-74.8784518979409,-87.8737248055426,-48.7651606655006,2.25962887697632,NA,NA,"Region"
"Dunlin",2004,2019,"15-year","East Inland",-11.8621977630575,-16.3413099983349,-7.20484293420895,-85.0290735719855,-93.1187714656512,-67.4253544910972,0.560523047182577,NA,NA,"Region"
"Dunlin",2004,2019,"15-year","Midcontinental",-9.74276252329806,-15.1949083919304,-4.00991595373276,-78.9932178944982,-91.5602628172858,-45.8752895869038,0.0230163753571317,NA,NA,"Region"
"Dunlin",2004,2019,"15-year","Northeast US Coastal",-10.1013799731539,-14.4080469787093,-5.41680074679362,-79.8659265044296,-90.3062002692246,-56.6279275058199,6.91712198330728,NA,NA,"Region"
"Dunlin",2004,2019,"15-year","Ontario",-11.8184023348383,-15.9406336261134,-7.57218991966113,-84.9149481581347,-92.607494085421,-69.3069510088424,0.805014988107006,NA,NA,"Region"
"Dunlin",2004,2019,"15-year","Pacific and Intermountain",-8.73629658839086,-14.8838189247538,-2.12640096768271,-74.9560937260892,-91.0837548405408,-27.5591437876133,0.8619216138255,NA,NA,"Region"
"Dunlin",2004,2019,"15-year","Southeast Coastal",-9.73223466948365,-15.7964979392542,-3.07271940358203,-78.8748878565625,-92.4150569126042,-37.3832603109817,1.14980368209543,NA,NA,"Region"
"Dunlin",2004,2019,"15-year","Texas Coastal",-9.36471670414532,-15.9726667995363,-1.74607210699218,-77.9650896329644,-92.6496381503753,-23.2198741145571,2.57912421373533,NA,NA,"Region"
"Dunlin",1980,2019,"Long-term","Atlantic Canada",-3.56388480360223,-6.07090726906726,-1.18548727336783,-75.3808519563776,-91.3062919544912,-37.1929197446022,2.73855731379709,NA,NA,"Region"
"Dunlin",1980,2019,"Long-term","East Inland",-4.98866862633661,-7.4629346626982,-2.5080233270768,-86.2424742438549,-95.1436142563558,-62.8647661443554,0.884924294825993,NA,NA,"Region"
"Dunlin",1980,2019,"Long-term","Midcontinental",-5.95453473659562,-9.22928123143727,-2.66107116625709,-91.0222791272263,-97.7097377903197,-65.0718053937282,0.0406960750602469,NA,NA,"Region"
"Dunlin",1980,2019,"Long-term","Northeast US Coastal",-7.24256121711498,-9.2922771906895,-5.19575991101222,-94.6969000483451,-97.7709166593457,-87.5180379663264,13.1750455330582,NA,NA,"Region"
"Dunlin",1980,2019,"Long-term","Ontario",-5.03769064646302,-7.29096634387937,-2.66545738266961,-86.8630459652458,-94.7789221246591,-65.1331503385126,1.26809692266684,NA,NA,"Region"
"Dunlin",1980,2019,"Long-term","Pacific and Intermountain",-6.88900128724888,-12.0829073820428,-1.99448619345862,-93.6153699971816,-99.3410393122329,-54.4204633267767,2.05198017883096,NA,NA,"Region"
"Dunlin",1980,2019,"Long-term","Southeast Coastal",-8.10504229442056,-12.6894872742327,-3.73086842092159,-96.1748643976714,-99.4969685804775,-77.3016013139572,2.9662731591063,NA,NA,"Region"
"Dunlin",1980,2019,"Long-term","Texas Coastal",-6.15249472902054,-11.2137135663679,-0.859125594533776,-91.9493086044224,-99.0328585361734,-28.5738800152949,4.81325613263885,NA,NA,"Region"
"Dunlin",1997,2019,"Recent-three-generation","Atlantic Canada",-5.57396487708014,-8.53226010495871,-2.6284008998811,-71.9086788036336,-85.9429279581715,-44.3441671995544,2.55855272385882,NA,NA,"Region"
"Dunlin",1997,2019,"Recent-three-generation","East Inland",-8.61040417659075,-11.8370101917816,-5.37049738780975,-86.2397318094951,-93.7439701005318,-70.3117599136376,0.742512588339095,NA,NA,"Region"
"Dunlin",1997,2019,"Recent-three-generation","Midcontinental",-7.21405469317251,-11.0179236290677,-3.20439219943416,-80.8301507479482,-92.3324646766527,-51.1544935968213,0.0294911503381512,NA,NA,"Region"
"Dunlin",1997,2019,"Recent-three-generation","Northeast US Coastal",-7.27235539699295,-10.3227449156988,-4.08094287127266,-80.9417950260593,-90.9006406697003,-60.0140091604915,8.71411428172342,NA,NA,"Region"
"Dunlin",1997,2019,"Recent-three-generation","Ontario",-8.52747464349076,-11.3417992065079,-5.63863862011774,-85.9174078821666,-92.9235392818723,-72.1084689233422,1.05655127209477,NA,NA,"Region"
"Dunlin",1997,2019,"Recent-three-generation","Pacific and Intermountain",-6.60946078432875,-11.0938650022786,-1.88019662982982,-78.1263835058613,-92.4751458896291,-34.1362077099727,1.09106388105043,NA,NA,"Region"
"Dunlin",1997,2019,"Recent-three-generation","Southeast Coastal",-7.42967742865393,-11.6757020692927,-2.81150030177081,-81.8571334733308,-93.4872520848208,-46.6017056376427,1.50678620458341,NA,NA,"Region"
"Dunlin",1997,2019,"Recent-three-generation","Texas Coastal",-6.99823942906923,-11.8128515008315,-1.51997688590146,-80.4799620346969,-93.7061469090744,-28.606420778087,3.25110223660999,NA,NA,"Region"
"Dunlin",1980,1997,"Previous-three-generation","Atlantic Canada",-0.862958648840822,-6.48432843993209,4.27458860686322,-12.4066879820338,-68.0084892973128,103.720289491561,2.98349433454437,NA,NA,"Region"
"Dunlin",1980,1997,"Previous-three-generation","East Inland",-0.0532576383122837,-5.32837028664693,5.07310937135082,0.133230293247288,-60.5781033827565,131.930007593694,1.08142221477391,NA,NA,"Region"
"Dunlin",1980,1997,"Previous-three-generation","Midcontinental",-4.25054088958724,-10.4410759411224,2.46827280261321,-53.1292001468013,-84.6591031196165,51.3631195049352,0.0552200512292225,NA,NA,"Region"
"Dunlin",1980,1997,"Previous-three-generation","Northeast US Coastal",-7.18381132646247,-10.6953673265007,-3.71265596675531,-71.7754168827857,-85.3830147773354,-47.4374247597554,18.8484811727013,NA,NA,"Region"
"Dunlin",1980,1997,"Previous-three-generation","Ontario",-0.297498014582247,-4.81818476456091,4.27104157239258,-4.37163025902436,-56.8065674785795,103.602540572188,1.55732547260136,NA,NA,"Region"
"Dunlin",1980,1997,"Previous-three-generation","Pacific and Intermountain",-7.13023411676933,-18.0120641244955,3.89355777425403,-71.4015996755079,-96.5821786337548,91.4284720733653,3.25751013427657,NA,NA,"Region"
"Dunlin",1980,1997,"Previous-three-generation","Southeast Coastal",-8.89178923636389,-17.8333013310606,-0.259505506024298,-79.094967060404,-96.4532608138299,-4.32101069889451,4.79923793588473,NA,NA,"Region"
"Dunlin",1980,1997,"Previous-three-generation","Texas Coastal",-4.92643182124983,-14.8088556779178,6.32925678905633,-58.583151792577,-93.4429924706892,183.855569531537,6.80993728561152,NA,NA,"Region"
"Baird's Sandpiper",2004,2019,"15-year","Atlantic Canada",-2.76484484638623,-8.40646759228757,2.81684212141991,-33.9342596712356,-73.2100361595261,51.6924335942244,0.0149315576544086,NA,NA,"Region"
"Baird's Sandpiper",2004,2019,"15-year","East Inland",-1.16312447337448,-5.73269687996608,2.98688554015836,-14.676100171157,-58.7507304408464,55.4994637585332,0.190037925071571,NA,NA,"Region"
"Baird's Sandpiper",2004,2019,"15-year","Midcontinental",1.63874910403605,-4.48901025382886,8.02315272965374,26.8711215985294,-49.7888481107506,218.238531450543,0.774959986385228,NA,NA,"Region"
"Baird's Sandpiper",2004,2019,"15-year","Northeast US Coastal",-2.9924105265387,-7.77664519789674,1.62151461016592,-35.5361633327046,-70.3097573400816,27.2872652156064,0.0215133959966915,NA,NA,"Region"
"Baird's Sandpiper",2004,2019,"15-year","Ontario",-5.13093184297188,-9.22398601846335,-1.34795245992483,-54.2103952665215,-76.5810918818087,-18.4185248714704,0.0642463140510893,NA,NA,"Region"
"Baird's Sandpiper",2004,2019,"15-year","Pacific and Intermountain",3.65924376116335,-3.52595118859958,11.9876944165209,66.1733318922894,-41.634315854484,446.455220962863,0.0186616504465584,NA,NA,"Region"
"Baird's Sandpiper",1980,2019,"Long-term","Atlantic Canada",1.2654428089472,-2.40757576315824,4.55186483570533,67.0196705759305,-61.3430000122779,467.465622398659,0.0141867536586257,NA,NA,"Region"
"Baird's Sandpiper",1980,2019,"Long-term","East Inland",-2.43065044549385,-4.65250129923339,-0.412601196473893,-61.4085150000645,-84.4022164286458,-14.8918456094475,0.233153623060127,NA,NA,"Region"
"Baird's Sandpiper",1980,2019,"Long-term","Midcontinental",-3.9439454891831,-6.85055665334859,-1.1065538839999,-78.9035273885975,-93.7189771667849,-35.2062776465098,1.12931495188639,NA,NA,"Region"
"Baird's Sandpiper",1980,2019,"Long-term","Northeast US Coastal",0.829744082237959,-1.84532477595584,3.29007266500876,40.4339861368733,-51.6352616913378,253.414812081685,0.0209669343353839,NA,NA,"Region"
"Baird's Sandpiper",1980,2019,"Long-term","Ontario",-0.250062705449572,-2.49137739956546,1.90574110557727,-8.03877967484569,-62.6166812656288,108.808136497758,0.0684429801238843,NA,NA,"Region"
"Baird's Sandpiper",1980,2019,"Long-term","Pacific and Intermountain",-4.04843543133541,-7.8397558127252,-0.256850150819713,-80.0022254559643,-95.85808536921,-9.54343011035089,0.0279746026264533,NA,NA,"Region"
"Baird's Sandpiper",2008,2019,"Recent-three-generation","Atlantic Canada",-3.32389638111239,-10.3867688641669,3.82215123084401,-30.8238444183938,-70.070890346847,51.0742256750374,0.0142900565606325,NA,NA,"Region"
"Baird's Sandpiper",2008,2019,"Recent-three-generation","East Inland",-1.09464542192587,-6.78439037906561,4.3693784120781,-10.5548573187045,-53.8283822769462,60.0678363533625,0.184985047335219,NA,NA,"Region"
"Baird's Sandpiper",2008,2019,"Recent-three-generation","Midcontinental",2.49320116746363,-5.05308218408732,10.6216383274804,29.5397314606354,-43.4686124536813,203.55749751955,0.788442523385187,NA,NA,"Region"
"Baird's Sandpiper",2008,2019,"Recent-three-generation","Northeast US Coastal",-3.56942796651157,-9.49194691576236,2.28314263700229,-32.0881562837774,-66.6143794414602,28.1872101076554,0.0204647471316412,NA,NA,"Region"
"Baird's Sandpiper",2008,2019,"Recent-three-generation","Ontario",-6.16056957691289,-11.2746656688612,-1.459572117858,-49.8725362498262,-73.1759618580858,-14.9334353078191,0.0586807022719489,NA,NA,"Region"
"Baird's Sandpiper",2008,2019,"Recent-three-generation","Pacific and Intermountain",5.0684961503091,-3.76461536129196,15.7259314613844,66.8194690234961,-34.4334011278405,398.583266092366,0.0197193880560896,NA,NA,"Region"
"Baird's Sandpiper",1997,2008,"Previous-three-generation","Atlantic Canada",-0.0460374557918369,-2.62710360469886,2.32811935903968,0.0969323575529257,-25.3862311063314,28.8086172711845,0.0168151475757632,NA,NA,"Region"
"Baird's Sandpiper",1997,2008,"Previous-three-generation","East Inland",-0.77459590106006,-2.99429720593305,1.34406295729658,-7.75508660287281,-28.4235862820921,15.819432717334,0.209313855296699,NA,NA,"Region"
"Baird's Sandpiper",1997,2008,"Previous-three-generation","Midcontinental",-0.562529076122743,-3.21338133553056,1.72244005443524,-5.28522194191055,-30.1818237018566,20.6658748225949,0.745990660897278,NA,NA,"Region"
"Baird's Sandpiper",1997,2008,"Previous-three-generation","Northeast US Coastal",-0.244453040100576,-2.57144303657587,1.93738554117107,-2.10109819168473,-24.915727157411,23.5004096618243,0.0247268566816119,NA,NA,"Region"
"Baird's Sandpiper",1997,2008,"Previous-three-generation","Ontario",-0.81983582786202,-2.96396007129463,1.32745568900505,-8.2546351678409,-28.1769692593261,15.6108291855768,0.0825244153698632,NA,NA,"Region"
"Baird's Sandpiper",1997,2008,"Previous-three-generation","Pacific and Intermountain",-0.328562565076969,-3.1370691371345,2.29465918255781,-3.0889124448778,-29.5738959869967,28.3460656049218,0.0156116178390772,NA,NA,"Region"
"Least Sandpiper",2004,2019,"15-year","Atlantic Canada",-2.0602205006595,-5.61802587900982,1.78816193094582,-27.159436579538,-57.9916163833522,30.4545048013071,1.20591601013134,NA,NA,"Region"
"Least Sandpiper",2004,2019,"15-year","East Inland",0.90307205267602,-3.23424515830212,5.16655532982247,13.5261593253971,-38.9303611282596,112.894658215936,3.01009649326164,NA,NA,"Region"
"Least Sandpiper",2004,2019,"15-year","Midcontinental",3.62674993462241,-3.29018284782942,9.69775970667787,60.2149664119947,-39.4577627241817,300.835711406518,5028795.63098226,NA,NA,"Region"
"Least Sandpiper",2004,2019,"15-year","Northeast US Coastal",-5.63013801334041,-9.41146665908316,-2.02728409819647,-58.4406171164604,-77.2962066457494,-26.4509259583152,6.30857558163616,NA,NA,"Region"
"Least Sandpiper",2004,2019,"15-year","Ontario",1.05342198528795,-3.34209696928389,6.62066677079006,14.1453433917428,-39.9434285136561,161.589865786698,2.86264614656295,NA,NA,"Region"
"Least Sandpiper",2004,2019,"15-year","Pacific and Intermountain",2.16899401641873,-3.98580927111196,9.26577882198712,33.3818539658135,-45.671037749477,277.800473961956,46.0629869575404,NA,NA,"Region"
"Least Sandpiper",2004,2019,"15-year","Southeast Coastal",2.29114959892597,-8.03366597634615,10.7012089825815,46.7868057775529,-71.5269468134518,359.499973759219,40.5260555889601,NA,NA,"Region"
"Least Sandpiper",1980,2019,"Long-term","Atlantic Canada",-4.0985026225193,-5.74913352099911,-2.37035843468555,-80.7087890203555,-90.0658953472335,-60.7638743726148,1.87932647174017,NA,NA,"Region"
"Least Sandpiper",1980,2019,"Long-term","East Inland",1.92492517935493,0.155182055329267,3.83951256243101,107.750353449873,6.23400790341957,334.653377322383,2.25863701140647,NA,NA,"Region"
"Least Sandpiper",1980,2019,"Long-term","Midcontinental",3.42646653373409,0.700204886493637,6.19515042260966,251.989374958808,31.2755439973911,942.516034631034,2011735.88105476,NA,NA,"Region"
"Least Sandpiper",1980,2019,"Long-term","Northeast US Coastal",-6.7242664080405,-8.50050438080524,-4.55450943219696,-93.5289068364429,-96.8715493686552,-83.7646672933084,12.0027863133968,NA,NA,"Region"
"Least Sandpiper",1980,2019,"Long-term","Ontario",0.0349540528920471,-2.77052096781033,2.9240089356505,5.07881219008049,-66.5712295838566,207.717246264882,2.75767327724328,NA,NA,"Region"
"Least Sandpiper",1980,2019,"Long-term","Pacific and Intermountain",-0.655261759966556,-4.06322443057865,3.56043649234997,-25.6404858107233,-80.1655760063087,291.346117763982,42.1710864719582,NA,NA,"Region"
"Least Sandpiper",1980,2019,"Long-term","Southeast Coastal",7.8441720791016,1.82802792216292,13.2481903369247,1938.49603456998,102.687973001728,12700.2844426415,1120.87012750337,NA,NA,"Region"
"Least Sandpiper",2008,2019,"Recent-three-generation","Atlantic Canada",-2.09412699029016,-6.50896102597641,2.80656770448673,-21.31749992171,-52.3053287633012,35.5906059651129,1.14642828203973,NA,NA,"Region"
"Least Sandpiper",2008,2019,"Recent-three-generation","East Inland",0.602771760663097,-4.71724276408818,5.98814222361383,5.7839832569294,-41.2297583541727,89.5964014293862,3.06109156397594,NA,NA,"Region"
"Least Sandpiper",2008,2019,"Recent-three-generation","Midcontinental",3.78408134101499,-5.1300291692455,11.3281082784352,37.6531075524357,-43.9704684152041,225.576555700377,6704834.19377706,NA,NA,"Region"
"Least Sandpiper",2008,2019,"Recent-three-generation","Northeast US Coastal",-5.96548566372811,-10.7769291386196,-1.40223107737931,-49.3454744008379,-71.4734728658085,-14.387320845644,5.47548825059554,NA,NA,"Region"
"Least Sandpiper",2008,2019,"Recent-three-generation","Ontario",1.23594089573261,-4.53466848351568,8.13307773204303,11.9106125739449,-39.9790947870308,136.343796758446,2.88584224805632,NA,NA,"Region"
"Least Sandpiper",2008,2019,"Recent-three-generation","Pacific and Intermountain",2.50364982843377,-5.32960903083031,11.3362484257375,27.1418863701661,-45.2535602347658,225.838530710638,48.552390077858,NA,NA,"Region"
"Least Sandpiper",2008,2019,"Recent-three-generation","Southeast Coastal",1.72954049113203,-10.3844946705451,12.2518367865288,23.2104413501739,-70.062529034603,256.55625208427,43.296910211929,NA,NA,"Region"
"Least Sandpiper",1997,2008,"Previous-three-generation","Atlantic Canada",-1.05091526500662,-3.44250424259229,2.02910295586256,-11.5977828358884,-31.9785428589732,24.728228200728,1.42256375272049,NA,NA,"Region"
"Least Sandpiper",1997,2008,"Previous-three-generation","East Inland",3.60352397369203,1.23514149259075,7.02300699996047,44.5979163924195,14.4574949346301,110.983575075739,2.58785044320678,NA,NA,"Region"
"Least Sandpiper",1997,2008,"Previous-three-generation","Midcontinental",5.51993758688323,2.32929130181418,10.2247034458665,75.9140602438289,28.8248454535346,191.788635010129,587.841939008342,NA,NA,"Region"
"Least Sandpiper",1997,2008,"Previous-three-generation","Northeast US Coastal",-1.52701738796845,-4.14538516424109,1.5370643927355,-16.4528173265679,-37.2312772840377,18.2689262359076,9.15897196022356,NA,NA,"Region"
"Least Sandpiper",1997,2008,"Previous-three-generation","Ontario",1.73889684734373,-0.92325330911491,6.8560078170987,17.2709838333514,-9.69971404795088,107.390319765553,2.66354516874573,NA,NA,"Region"
"Least Sandpiper",1997,2008,"Previous-three-generation","Pacific and Intermountain",1.94451384323267,-1.70934689152659,5.82904571679659,23.1089490961278,-17.2754469180109,86.4891976416417,36.3874618747141,NA,NA,"Region"
"Least Sandpiper",1997,2008,"Previous-three-generation","Southeast Coastal",7.35830404137893,3.05034383658187,12.5149715805112,113.972387101135,39.169445562493,265.858764251303,26.1416232446755,NA,NA,"Region"
"White-rumped Sandpiper",2004,2019,"15-year","Atlantic Canada",-3.40025734547344,-8.19924246196098,1.49321637169025,-41.2047103930488,-72.2863284191637,24.8979290967335,8.0527105107864,NA,NA,"Region"
"White-rumped Sandpiper",2004,2019,"15-year","East Inland",-7.49452834624523,-12.1117313976415,-2.87178400805901,-68.8965188771037,-85.580053469839,-35.4076361875014,0.208397425919282,NA,NA,"Region"
"White-rumped Sandpiper",2004,2019,"15-year","Midcontinental",-3.82946689117009,-13.6087689576486,8.43671636738341,-47.6323092534954,-88.8559015699218,237.012131590895,0.359725062010127,NA,NA,"Region"
"White-rumped Sandpiper",2004,2019,"15-year","Northeast US Coastal",-6.17870957731097,-10.8455847979392,-1.15176502224927,-61.922190319599,-82.1292475263564,-15.9507598573588,5.04652111872259,NA,NA,"Region"
"White-rumped Sandpiper",2004,2019,"15-year","Ontario",-9.17074668876863,-13.9878745940447,-4.121988214964,-76.6074522824126,-89.5673337444885,-46.8154738158791,0.999423653106134,NA,NA,"Region"
"White-rumped Sandpiper",1980,2019,"Long-term","Atlantic Canada",-4.16129274263978,-6.53216134863482,-1.83934609344003,-80.5506013911098,-92.8249355199131,-51.5202612536547,12.989218366529,NA,NA,"Region"
"White-rumped Sandpiper",1980,2019,"Long-term","East Inland",-13.1881123836317,-15.6413550985168,-10.6764148410454,-99.598964928643,-99.8684611023553,-98.7762862197234,2.15245226178086,NA,NA,"Region"
"White-rumped Sandpiper",1980,2019,"Long-term","Midcontinental",-2.24677829317193,-7.47320849629252,3.58279740275197,-59.9282635023025,-95.1645964519171,294.655162290089,0.412384307309152,NA,NA,"Region"
"White-rumped Sandpiper",1980,2019,"Long-term","Northeast US Coastal",-0.365409543132758,-2.73394958117787,1.94363051968045,-13.0565926847862,-66.0773342839923,111.857514098284,5.15092640823039,NA,NA,"Region"
"White-rumped Sandpiper",1980,2019,"Long-term","Ontario",0.467166955740111,-3.23744543149211,3.5181720674622,26.934999009365,-72.2932271124861,285.165331125476,1.1052908211449,NA,NA,"Region"
"White-rumped Sandpiper",2008,2019,"Recent-three-generation","Atlantic Canada",-3.75000700585778,-10.1861343198509,2.78564471613031,-34.7159457915223,-69.325506369451,35.2873302221124,7.57803594086103,NA,NA,"Region"
"White-rumped Sandpiper",2008,2019,"Recent-three-generation","East Inland",-8.44858927205246,-14.6127310205077,-2.54195940927338,-62.2050908100772,-82.4076296084502,-24.6654084933641,0.179266470023262,NA,NA,"Region"
"White-rumped Sandpiper",2008,2019,"Recent-three-generation","Midcontinental",-4.38672729649084,-16.3063294956137,10.7018508293609,-42.3971252528659,-85.8870185198892,205.987549868016,0.346159328450272,NA,NA,"Region"
"White-rumped Sandpiper",2008,2019,"Recent-three-generation","Northeast US Coastal",-7.60790033014398,-13.8479131961894,-1.17141369981979,-58.4028672601924,-80.5945455612758,-12.1567462934505,4.58058430341945,NA,NA,"Region"
"White-rumped Sandpiper",2008,2019,"Recent-three-generation","Ontario",-11.1749773144949,-17.4933861130416,-4.79217690040147,-72.8939964783938,-87.9391919248704,-41.7361725196544,0.853576115349279,NA,NA,"Region"
"White-rumped Sandpiper",1997,2008,"Previous-three-generation","Atlantic Canada",-2.37251446742198,-5.09113801599884,0.142304717471684,-23.1765597289108,-43.7173643863567,1.57653754883144,10.2323845785193,NA,NA,"Region"
"White-rumped Sandpiper",1997,2008,"Previous-three-generation","East Inland",-4.66016973100941,-7.35292543567279,-2.00632875537153,-40.7833244922317,-56.8333028159573,-19.9837214891147,0.343790538493954,NA,NA,"Region"
"White-rumped Sandpiper",1997,2008,"Previous-three-generation","Midcontinental",-1.23167005360984,-4.89129785245999,2.6840312915678,-13.2120891428204,-42.3999568425639,33.8233939398245,0.413805550878565,NA,NA,"Region"
"White-rumped Sandpiper",1997,2008,"Previous-three-generation","Northeast US Coastal",-0.762334057426526,-3.57269874897676,1.97306016291138,-7.6795671477319,-32.9806607119513,23.9766740622905,6.58850036137355,NA,NA,"Region"
"White-rumped Sandpiper",1997,2008,"Previous-three-generation","Ontario",-1.68067875548585,-4.48316996540011,1.09322313708203,-16.6074090865813,-39.6219690828189,12.7048192924509,1.51379364978129,NA,NA,"Region"
"Buff-breasted Sandpiper",2004,2019,"15-year","Atlantic Canada",-12.9790560669646,-20.9232579438955,-4.9322124433562,-87.5567529646073,-97.0438155087081,-53.1725174690459,0.000442902070840239,NA,NA,"Region"
"Buff-breasted Sandpiper",2004,2019,"15-year","East Inland",-12.2833523191879,-20.4928596631815,-3.61450339777118,-86.0063700630544,-96.7930504676874,-42.4327684200681,0.000286548708605735,NA,NA,"Region"
"Buff-breasted Sandpiper",2004,2019,"15-year","Midcontinental",-12.3224694352622,-20.6451779948672,-3.68294861285726,-86.3483772720127,-96.8839829327194,-43.0429219829479,0.00110137107364953,NA,NA,"Region"
"Buff-breasted Sandpiper",2004,2019,"15-year","Northeast US Coastal",-12.75932117363,-20.6745718921624,-4.78063776516662,-86.948940037876,-96.9012511423742,-52.0399246699149,0.000399236280175289,NA,NA,"Region"
"Buff-breasted Sandpiper",2004,2019,"15-year","Ontario",-13.1891592382162,-21.033523384406,-5.10462093741673,-88.0963395966603,-97.105044479073,-54.4303140986546,0.000227721643715005,NA,NA,"Region"
"Buff-breasted Sandpiper",1980,2019,"Long-term","Atlantic Canada",-5.57322073944924,-10.1151253269591,-1.07492489311282,-89.0847942898761,-98.4376508932337,-34.3931407703624,0.000696821012323141,NA,NA,"Region"
"Buff-breasted Sandpiper",1980,2019,"Long-term","East Inland",-5.84668546795058,-9.95831899582142,-1.56782867904279,-90.4685356110427,-98.3277532668752,-46.0059936330614,0.000455973668202487,NA,NA,"Region"
"Buff-breasted Sandpiper",1980,2019,"Long-term","Midcontinental",-6.35021974239557,-10.2431632224952,-2.16661226935314,-92.1201228737172,-98.5221328642856,-57.4404810963094,0.00178204948460613,NA,NA,"Region"
"Buff-breasted Sandpiper",1980,2019,"Long-term","Northeast US Coastal",-11.1766310361972,-14.8868026598863,-7.52110707797167,-99.0055183139765,-99.8138430258011,-95.2612661584697,0.0012899589511498,NA,NA,"Region"
"Buff-breasted Sandpiper",1980,2019,"Long-term","Ontario",-6.24650791908887,-10.4809754259234,-2.01505542230163,-91.9288906553132,-98.667404443899,-54.792055725903,0.000367248349679444,NA,NA,"Region"
"Buff-breasted Sandpiper",2007,2019,"Recent-three-generation","Atlantic Canada",-14.1493155292209,-23.7700635232626,-3.97121635737878,-83.8073696975461,-96.1495924915947,-38.5082001706559,0.000351941055437209,NA,NA,"Region"
"Buff-breasted Sandpiper",2007,2019,"Recent-three-generation","East Inland",-13.3340767150659,-23.2897269474406,-2.71294520862286,-82.1474817995901,-95.8481434006223,-28.1112927166573,0.000230212367272335,NA,NA,"Region"
"Buff-breasted Sandpiper",2007,2019,"Recent-three-generation","Midcontinental",-13.3811448487374,-23.4333223407428,-2.60890434116933,-82.1685389605585,-95.9404524323659,-27.1832334744629,0.000884431620713086,NA,NA,"Region"
"Buff-breasted Sandpiper",2007,2019,"Recent-three-generation","Northeast US Coastal",-13.7509816318474,-23.366618042369,-3.73427284182,-82.9493752297511,-95.8978085031674,-36.6625789793634,0.000313904832832284,NA,NA,"Region"
"Buff-breasted Sandpiper",2007,2019,"Recent-three-generation","Ontario",-14.4216624077726,-23.9219873139219,-4.53514187740284,-84.6915505942914,-96.2406663711108,-42.7042473613361,0.000180009921134414,NA,NA,"Region"
"Buff-breasted Sandpiper",1995,2007,"Previous-three-generation","Atlantic Canada",-2.63122775118565,-7.54432395314791,2.20313449569667,-27.1957748525796,-60.9875752153425,29.8885184867607,0.000963559654099797,NA,NA,"Region"
"Buff-breasted Sandpiper",1995,2007,"Previous-three-generation","East Inland",-2.70680285114315,-7.63237593405607,2.04512517962468,-28.0141975799382,-61.4310857609117,27.4991113801484,0.000609731870189139,NA,NA,"Region"
"Buff-breasted Sandpiper",1995,2007,"Previous-three-generation","Midcontinental",-2.73484685457869,-7.64457735677489,1.92153826369551,-27.7541361602633,-61.4921911618548,25.6584367586125,0.00234690482128331,NA,NA,"Region"
"Buff-breasted Sandpiper",1995,2007,"Previous-three-generation","Northeast US Coastal",-3.61068313049004,-8.43443001023589,1.05401297553918,-35.4894317354592,-65.2634623611637,13.407760580817,0.000918706233799942,NA,NA,"Region"
"Buff-breasted Sandpiper",1995,2007,"Previous-three-generation","Ontario",-2.43322513017035,-7.40189983285646,2.3136663152196,-25.3229665621532,-60.2602691707658,31.5842080274087,0.000498285744691675,NA,NA,"Region"
"Pectoral Sandpiper",2004,2019,"15-year","Atlantic Canada",-4.50838708826584,-10.4507019727917,2.14982431762069,-50.9232100274367,-80.9044228429233,37.5828720810012,0.454233945424372,NA,NA,"Region"
"Pectoral Sandpiper",2004,2019,"15-year","East Inland",-4.26611083608562,-9.48454749349498,1.29572611959636,-48.3605062506401,-77.5693964008821,21.3016899680884,3.98848388911686,NA,NA,"Region"
"Pectoral Sandpiper",2004,2019,"15-year","Midcontinental",-1.77008060102241,-8.2605943061295,5.74356485456647,-26.330834030108,-72.5628585719622,131.10506923635,29.1421093017532,NA,NA,"Region"
"Pectoral Sandpiper",2004,2019,"15-year","Northeast US Coastal",-7.04432601249612,-12.1544226802132,-1.48784519090693,-66.7572422977014,-85.6847637293061,-20.1366945628022,1.76642837915113,NA,NA,"Region"
"Pectoral Sandpiper",2004,2019,"15-year","Ontario",-5.06698391886562,-10.3328633060142,0.993179859247362,-54.6811228150707,-80.5240082579625,15.9793575887911,2.18500202724126,NA,NA,"Region"
"Pectoral Sandpiper",2004,2019,"15-year","Pacific and Intermountain",7.96263688659946,-0.969129667268323,18.1749593192607,209.37533139642,-13.5909578675524,1124.28329468906,0.0501850931386349,NA,NA,"Region"
"Pectoral Sandpiper",1980,2019,"Long-term","Atlantic Canada",-1.61661117742405,-4.60614729732499,1.51660086874082,-48.0584209219273,-84.1037311888932,79.8645898181533,0.732026354466567,NA,NA,"Region"
"Pectoral Sandpiper",1980,2019,"Long-term","East Inland",0.414919211028339,-2.20881792145373,3.19459237902901,15.8491015336266,-58.15070255769,240.895038762282,5.21201477057981,NA,NA,"Region"
"Pectoral Sandpiper",1980,2019,"Long-term","Midcontinental",-2.07187178180978,-5.18803364389825,1.27691052889784,-56.033472348812,-87.4783085439511,64.023981491653,48.8575574506656,NA,NA,"Region"
"Pectoral Sandpiper",1980,2019,"Long-term","Northeast US Coastal",-7.67160102753607,-10.2385841113372,-5.00475397871334,-95.6131106774465,-98.5191940331243,-86.4987764575439,6.19047658870384,NA,NA,"Region"
"Pectoral Sandpiper",1980,2019,"Long-term","Ontario",-3.57754468329246,-6.42868049036082,-0.649095760899575,-76.0621618545781,-92.5085238558749,-22.4286868780458,4.55389815590307,NA,NA,"Region"
"Pectoral Sandpiper",1980,2019,"Long-term","Pacific and Intermountain",1.1471148009013,-5.01091330217,7.60237619385384,52.7880214819681,-86.5328663012275,1642.01792559708,0.0556664649190861,NA,NA,"Region"
"Pectoral Sandpiper",2005,2019,"Recent-three-generation","Atlantic Canada",-4.28548201349589,-10.7042302450486,2.97315144434265,-46.9873775982329,-79.5057297675213,50.7079806336615,0.438568120326802,NA,NA,"Region"
"Pectoral Sandpiper",2005,2019,"Recent-three-generation","East Inland",-4.05022465806707,-9.70225266540068,1.98880239187959,-44.1487908221782,-76.0405507489661,31.7452758430905,3.85673295574972,NA,NA,"Region"
"Pectoral Sandpiper",2005,2019,"Recent-three-generation","Midcontinental",-1.35999791570367,-8.26854291987173,6.74771897847839,-20.4878721009042,-70.1285635740536,149.471220372221,28.505058365018,NA,NA,"Region"
"Pectoral Sandpiper",2005,2019,"Recent-three-generation","Northeast US Coastal",-6.82341775557467,-12.2611774913373,-0.91049327061034,-63.0954423603514,-83.9791621078158,-12.019092124598,1.66726568589014,NA,NA,"Region"
"Pectoral Sandpiper",2005,2019,"Recent-three-generation","Ontario",-4.80062356005986,-10.5027333538755,1.67376220178249,-50.4418396543665,-78.8487127574922,26.1608275933585,2.09406511175667,NA,NA,"Region"
"Pectoral Sandpiper",2005,2019,"Recent-three-generation","Pacific and Intermountain",8.8538533647705,-0.621317358499079,19.8855339658911,220.592891294268,-8.35573400118039,1166.87844735769,0.0512689117555859,NA,NA,"Region"
"Pectoral Sandpiper",1991,2005,"Previous-three-generation","Atlantic Canada",-3.42632102604457,-6.43504526935143,-0.476677425880421,-38.5185407458233,-60.5919477844115,-6.47060281403638,0.872748478349483,NA,NA,"Region"
"Pectoral Sandpiper",1991,2005,"Previous-three-generation","East Inland",-1.68968730872343,-4.44176381160151,1.19728163158562,-21.5908797456402,-47.0636776774716,18.1309926897276,6.95554015857156,NA,NA,"Region"
"Pectoral Sandpiper",1991,2005,"Previous-three-generation","Midcontinental",-4.26423647869896,-7.16166492247907,-1.26357317576039,-45.7035444650667,-64.6668117086129,-16.3080414097274,50.901775924936,NA,NA,"Region"
"Pectoral Sandpiper",1991,2005,"Previous-three-generation","Northeast US Coastal",-6.279435716498,-8.93013981300919,-3.57573715132356,-59.774993387568,-73.0073589544132,-39.9367811281848,4.92048182390585,NA,NA,"Region"
"Pectoral Sandpiper",1991,2005,"Previous-three-generation","Ontario",-4.81656331586788,-7.58888666435473,-1.99058966713799,-50.0821765725739,-66.8763004833718,-24.5344270779363,4.88428692597154,NA,NA,"Region"
"Pectoral Sandpiper",1991,2005,"Previous-three-generation","Pacific and Intermountain",-3.28038211095832,-7.24577101020266,0.972297473774589,-37.6057263206903,-65.1123173613996,14.5068393366569,0.0408495882130009,NA,NA,"Region"
"Long-billed Dowitcher",2004,2019,"15-year","Atlantic Canada",-11.8829792285779,-21.8037942729434,-2.0583367807153,-85.0440447268318,-97.5008909286201,-26.7998244963012,0.00910143244511579,NA,NA,"Region"
"Long-billed Dowitcher",2004,2019,"15-year","East Inland",-7.50747907025028,-15.7197882042903,1.14882952723235,-69.6915075548575,-92.3107442522152,18.6896703568906,0.119338287290988,NA,NA,"Region"
"Long-billed Dowitcher",2004,2019,"15-year","Midcontinental",-2.55435319537987,-11.9467606889862,8.4866436047262,-34.2973804061988,-85.1686712205117,239.347084692347,666.481781943447,NA,NA,"Region"
"Long-billed Dowitcher",2004,2019,"15-year","Northeast US Coastal",-10.2993376203393,-18.6223646561638,-1.42793204139516,-80.3450348522095,-95.4545593565216,-19.405014147026,1.50995430380423,NA,NA,"Region"
"Long-billed Dowitcher",2004,2019,"15-year","Ontario",-13.3922718307099,-21.6819542636082,-5.14622370069837,-88.4384594887333,-97.4418403692639,-54.7290704360943,0.0454033610529378,NA,NA,"Region"
"Long-billed Dowitcher",2004,2019,"15-year","Pacific and Intermountain",-1.04869929785904,-10.889170148712,11.225893015977,-19.4061539506662,-82.2598372007382,393.274347465416,11.5824034810037,NA,NA,"Region"
"Long-billed Dowitcher",1980,2019,"Long-term","Atlantic Canada",-7.2794841475694,-12.5050443801149,-1.99353890356168,-94.8325964595465,-99.4538177159658,-54.4032197573923,0.0265386857385787,NA,NA,"Region"
"Long-billed Dowitcher",1980,2019,"Long-term","East Inland",-4.72282994492206,-8.85122828768658,-0.332940775368722,-85.1417734320695,-97.3067161452759,-12.1960356690669,0.255782560471642,NA,NA,"Region"
"Long-billed Dowitcher",1980,2019,"Long-term","Midcontinental",-3.97438606506058,-8.28190811910164,0.890163429268723,-80.2431443455688,-96.5664335819116,41.2876610982584,1277.2260013685,NA,NA,"Region"
"Long-billed Dowitcher",1980,2019,"Long-term","Northeast US Coastal",-7.08643267469359,-10.8989646708423,-3.253408052194,-94.3315634786134,-98.8897334132219,-72.4709372078178,3.75195953086238,NA,NA,"Region"
"Long-billed Dowitcher",1980,2019,"Long-term","Ontario",0.114187383728286,-3.91038147590516,4.15824857814905,2.12866726982386,-78.8951482154895,389.838697573544,0.0731940114533427,NA,NA,"Region"
"Long-billed Dowitcher",1980,2019,"Long-term","Pacific and Intermountain",-3.69818800814102,-8.31353874891174,1.36470295299262,-77.6974664442821,-96.6123125954257,69.6617814687743,21.6490000142836,NA,NA,"Region"
"Long-billed Dowitcher",2007,2019,"Recent-three-generation","Atlantic Canada",-12.1802264457445,-24.1113410512888,0.285186659984677,-79.2518767798635,-96.3514310493803,3.47649039745615,0.00737151692651078,NA,NA,"Region"
"Long-billed Dowitcher",2007,2019,"Recent-three-generation","East Inland",-7.14791779951395,-17.3613358759441,4.22372141108527,-60.5518359931091,-89.8562259291092,64.2854078649483,0.104587972575912,NA,NA,"Region"
"Long-billed Dowitcher",2007,2019,"Recent-three-generation","Midcontinental",-1.23919487443995,-12.8085279813369,12.3904372598287,-17.403200393086,-80.6941854936319,306.211801371117,633.708179400768,NA,NA,"Region"
"Long-billed Dowitcher",2007,2019,"Recent-three-generation","Northeast US Coastal",-10.4092281898002,-20.5831649266226,0.83311422995914,-73.6519190370738,-93.7056495473272,10.4684262799623,1.26272716424849,NA,NA,"Region"
"Long-billed Dowitcher",2007,2019,"Recent-three-generation","Ontario",-14.2828583986481,-24.2666608379461,-3.72970402943093,-84.5682449003848,-96.4400380986022,-36.6265004942328,0.0365476481913,NA,NA,"Region"
"Long-billed Dowitcher",2007,2019,"Recent-three-generation","Pacific and Intermountain",0.572945590944812,-11.3855268064217,15.9371845194044,0.76279442149122,-76.5546770564806,489.756850893293,11.233193698156,NA,NA,"Region"
"Long-billed Dowitcher",1995,2007,"Previous-three-generation","Atlantic Canada",-7.00765452252507,-11.5798093276957,-2.79955993826643,-57.7174002976066,-77.164140266416,-28.8755737636126,0.0242228007587062,NA,NA,"Region"
"Long-billed Dowitcher",1995,2007,"Previous-three-generation","East Inland",-5.84935570044389,-10.4050778343975,-1.60437504115072,-50.8842935260316,-73.2452560592683,-17.6413038491068,0.251284451955513,NA,NA,"Region"
"Long-billed Dowitcher",1995,2007,"Previous-three-generation","Midcontinental",-5.60883549950241,-10.4250043931801,-1.08373780707162,-49.5816709128853,-73.3165760918032,-12.2570217802959,1091.0238931276,NA,NA,"Region"
"Long-billed Dowitcher",1995,2007,"Previous-three-generation","Northeast US Coastal",-6.29046410497774,-10.7711395519374,-2.27101156745777,-53.7432034797282,-74.52793470763,-24.0931717851697,3.62593625794734,NA,NA,"Region"
"Long-billed Dowitcher",1995,2007,"Previous-three-generation","Ontario",-5.11171416574294,-9.57906079481436,-1.05654707286222,-45.9805657621685,-70.1304853254676,-11.9671529314268,0.112388506402052,NA,NA,"Region"
"Long-billed Dowitcher",1995,2007,"Previous-three-generation","Pacific and Intermountain",-5.38404276938698,-10.1892511764658,-0.639220827430477,-48.4297326324733,-72.4615295909225,-7.40663608016286,17.5023944061292,NA,NA,"Region"
